/*
 Navicat Premium Data Transfer

 Source Server         : mysql-docker(端口转发)
 Source Server Type    : MySQL
 Source Server Version : 80019
 Source Host           : 127.0.0.1:33060
 Source Schema         : framework

 Target Server Type    : MySQL
 Target Server Version : 80019
 File Encoding         : 65001

 Date: 14/05/2020 07:49:07
*/

SET NAMES utf8mb4;
SET FOREIGN_KEY_CHECKS = 0;

-- ----------------------------
-- Table structure for QRTZ_BLOB_TRIGGERS
-- ----------------------------
DROP TABLE IF EXISTS `QRTZ_BLOB_TRIGGERS`;
CREATE TABLE `QRTZ_BLOB_TRIGGERS`  (
  `sched_name` varchar(120) CHARACTER SET utf8mb4 COLLATE utf8mb4_0900_ai_ci NOT NULL,
  `trigger_name` varchar(200) CHARACTER SET utf8mb4 COLLATE utf8mb4_0900_ai_ci NOT NULL,
  `trigger_group` varchar(200) CHARACTER SET utf8mb4 COLLATE utf8mb4_0900_ai_ci NOT NULL,
  `blob_data` blob NULL,
  PRIMARY KEY (`sched_name`, `trigger_name`, `trigger_group`) USING BTREE,
  CONSTRAINT `QRTZ_BLOB_TRIGGERS_ibfk_1` FOREIGN KEY (`sched_name`, `trigger_name`, `trigger_group`) REFERENCES `QRTZ_TRIGGERS` (`sched_name`, `trigger_name`, `trigger_group`) ON DELETE RESTRICT ON UPDATE RESTRICT
) ENGINE = InnoDB CHARACTER SET = utf8mb4 COLLATE = utf8mb4_0900_ai_ci ROW_FORMAT = Dynamic;

-- ----------------------------
-- Table structure for QRTZ_CALENDARS
-- ----------------------------
DROP TABLE IF EXISTS `QRTZ_CALENDARS`;
CREATE TABLE `QRTZ_CALENDARS`  (
  `sched_name` varchar(120) CHARACTER SET utf8mb4 COLLATE utf8mb4_0900_ai_ci NOT NULL,
  `calendar_name` varchar(200) CHARACTER SET utf8mb4 COLLATE utf8mb4_0900_ai_ci NOT NULL,
  `calendar` blob NOT NULL,
  PRIMARY KEY (`sched_name`, `calendar_name`) USING BTREE
) ENGINE = InnoDB CHARACTER SET = utf8mb4 COLLATE = utf8mb4_0900_ai_ci ROW_FORMAT = Dynamic;

-- ----------------------------
-- Table structure for QRTZ_CRON_TRIGGERS
-- ----------------------------
DROP TABLE IF EXISTS `QRTZ_CRON_TRIGGERS`;
CREATE TABLE `QRTZ_CRON_TRIGGERS`  (
  `sched_name` varchar(120) CHARACTER SET utf8mb4 COLLATE utf8mb4_0900_ai_ci NOT NULL,
  `trigger_name` varchar(200) CHARACTER SET utf8mb4 COLLATE utf8mb4_0900_ai_ci NOT NULL,
  `trigger_group` varchar(200) CHARACTER SET utf8mb4 COLLATE utf8mb4_0900_ai_ci NOT NULL,
  `cron_expression` varchar(200) CHARACTER SET utf8mb4 COLLATE utf8mb4_0900_ai_ci NOT NULL,
  `time_zone_id` varchar(80) CHARACTER SET utf8mb4 COLLATE utf8mb4_0900_ai_ci NULL DEFAULT NULL,
  PRIMARY KEY (`sched_name`, `trigger_name`, `trigger_group`) USING BTREE,
  CONSTRAINT `QRTZ_CRON_TRIGGERS_ibfk_1` FOREIGN KEY (`sched_name`, `trigger_name`, `trigger_group`) REFERENCES `QRTZ_TRIGGERS` (`sched_name`, `trigger_name`, `trigger_group`) ON DELETE RESTRICT ON UPDATE RESTRICT
) ENGINE = InnoDB CHARACTER SET = utf8mb4 COLLATE = utf8mb4_0900_ai_ci ROW_FORMAT = Dynamic;

-- ----------------------------
-- Records of QRTZ_CRON_TRIGGERS
-- ----------------------------
INSERT INTO `QRTZ_CRON_TRIGGERS` VALUES ('GhcScheduler', 'TASK_CLASS_NAME1', 'DEFAULT', '0/10 * * * * ?', 'Asia/Shanghai');
INSERT INTO `QRTZ_CRON_TRIGGERS` VALUES ('GhcScheduler', 'TASK_CLASS_NAME2', 'DEFAULT', '0/15 * * * * ?', 'Asia/Shanghai');
INSERT INTO `QRTZ_CRON_TRIGGERS` VALUES ('GhcScheduler', 'TASK_CLASS_NAME3', 'DEFAULT', '0/20 * * * * ?', 'Asia/Shanghai');

-- ----------------------------
-- Table structure for QRTZ_FIRED_TRIGGERS
-- ----------------------------
DROP TABLE IF EXISTS `QRTZ_FIRED_TRIGGERS`;
CREATE TABLE `QRTZ_FIRED_TRIGGERS`  (
  `sched_name` varchar(120) CHARACTER SET utf8mb4 COLLATE utf8mb4_0900_ai_ci NOT NULL,
  `entry_id` varchar(95) CHARACTER SET utf8mb4 COLLATE utf8mb4_0900_ai_ci NOT NULL,
  `trigger_name` varchar(200) CHARACTER SET utf8mb4 COLLATE utf8mb4_0900_ai_ci NOT NULL,
  `trigger_group` varchar(200) CHARACTER SET utf8mb4 COLLATE utf8mb4_0900_ai_ci NOT NULL,
  `instance_name` varchar(200) CHARACTER SET utf8mb4 COLLATE utf8mb4_0900_ai_ci NOT NULL,
  `fired_time` bigint(0) NOT NULL,
  `sched_time` bigint(0) NOT NULL,
  `priority` int(0) NOT NULL,
  `state` varchar(16) CHARACTER SET utf8mb4 COLLATE utf8mb4_0900_ai_ci NOT NULL,
  `job_name` varchar(200) CHARACTER SET utf8mb4 COLLATE utf8mb4_0900_ai_ci NULL DEFAULT NULL,
  `job_group` varchar(200) CHARACTER SET utf8mb4 COLLATE utf8mb4_0900_ai_ci NULL DEFAULT NULL,
  `is_nonconcurrent` varchar(1) CHARACTER SET utf8mb4 COLLATE utf8mb4_0900_ai_ci NULL DEFAULT NULL,
  `requests_recovery` varchar(1) CHARACTER SET utf8mb4 COLLATE utf8mb4_0900_ai_ci NULL DEFAULT NULL,
  PRIMARY KEY (`sched_name`, `entry_id`) USING BTREE
) ENGINE = InnoDB CHARACTER SET = utf8mb4 COLLATE = utf8mb4_0900_ai_ci ROW_FORMAT = Dynamic;

-- ----------------------------
-- Table structure for QRTZ_JOB_DETAILS
-- ----------------------------
DROP TABLE IF EXISTS `QRTZ_JOB_DETAILS`;
CREATE TABLE `QRTZ_JOB_DETAILS`  (
  `sched_name` varchar(120) CHARACTER SET utf8mb4 COLLATE utf8mb4_0900_ai_ci NOT NULL,
  `job_name` varchar(200) CHARACTER SET utf8mb4 COLLATE utf8mb4_0900_ai_ci NOT NULL,
  `job_group` varchar(200) CHARACTER SET utf8mb4 COLLATE utf8mb4_0900_ai_ci NOT NULL,
  `description` varchar(250) CHARACTER SET utf8mb4 COLLATE utf8mb4_0900_ai_ci NULL DEFAULT NULL,
  `job_class_name` varchar(250) CHARACTER SET utf8mb4 COLLATE utf8mb4_0900_ai_ci NOT NULL,
  `is_durable` varchar(1) CHARACTER SET utf8mb4 COLLATE utf8mb4_0900_ai_ci NOT NULL,
  `is_nonconcurrent` varchar(1) CHARACTER SET utf8mb4 COLLATE utf8mb4_0900_ai_ci NOT NULL,
  `is_update_data` varchar(1) CHARACTER SET utf8mb4 COLLATE utf8mb4_0900_ai_ci NOT NULL,
  `requests_recovery` varchar(1) CHARACTER SET utf8mb4 COLLATE utf8mb4_0900_ai_ci NOT NULL,
  `job_data` blob NULL,
  PRIMARY KEY (`sched_name`, `job_name`, `job_group`) USING BTREE
) ENGINE = InnoDB CHARACTER SET = utf8mb4 COLLATE = utf8mb4_0900_ai_ci ROW_FORMAT = Dynamic;

-- ----------------------------
-- Records of QRTZ_JOB_DETAILS
-- ----------------------------
INSERT INTO `QRTZ_JOB_DETAILS` VALUES ('GhcScheduler', 'TASK_CLASS_NAME1', 'DEFAULT', NULL, 'com.ghc.common.utils.job.QuartzDisallowConcurrentExecution', '0', '1', '0', '0', 0xACED0005737200156F72672E71756172747A2E4A6F62446174614D61709FB083E8BFA9B0CB020000787200266F72672E71756172747A2E7574696C732E537472696E674B65794469727479466C61674D61708208E8C3FBC55D280200015A0013616C6C6F77735472616E7369656E74446174617872001D6F72672E71756172747A2E7574696C732E4469727479466C61674D617013E62EAD28760ACE0200025A000564697274794C00036D617074000F4C6A6176612F7574696C2F4D61703B787001737200116A6176612E7574696C2E486173684D61700507DAC1C31660D103000246000A6C6F6164466163746F724900097468726573686F6C6478703F4000000000000C7708000000100000000174000F5441534B5F50524F5045525449455373720025636F6D2E6768632E70726F6A6563742E6D6F6E69746F722E646F6D61696E2E5379734A6F6200000000000000010200084C000A636F6E63757272656E747400124C6A6176612F6C616E672F537472696E673B4C000E63726F6E45787072657373696F6E71007E00094C000C696E766F6B6554617267657471007E00094C00086A6F6247726F757071007E00094C00056A6F6249647400104C6A6176612F6C616E672F4C6F6E673B4C00076A6F624E616D6571007E00094C000D6D697366697265506F6C69637971007E00094C000673746174757371007E000978720027636F6D2E6768632E6672616D65776F726B2E7765622E646F6D61696E2E42617365456E74697479000000000000000102000A4C0009626567696E54696D6571007E00094C0008637265617465427971007E00094C000A63726561746554696D657400104C6A6176612F7574696C2F446174653B4C00096461746153636F706571007E00094C0007656E6454696D6571007E00094C0006706172616D7371007E00034C000672656D61726B71007E00094C000B73656172636856616C756571007E00094C0008757064617465427971007E00094C000A75706461746554696D6571007E000C78707074000561646D696E7372000E6A6176612E7574696C2E44617465686A81014B59741903000078707708000001622CDE29E0787070707400007070707400013174000E302F3130202A202A202A202A203F74001172795461736B2E72794E6F506172616D7374000744454641554C547372000E6A6176612E6C616E672E4C6F6E673B8BE490CC8F23DF0200014A000576616C7565787200106A6176612E6C616E672E4E756D62657286AC951D0B94E08B02000078700000000000000001740018E7B3BBE7BB9FE9BB98E8AEA4EFBC88E697A0E58F82EFBC8974000133740001317800);
INSERT INTO `QRTZ_JOB_DETAILS` VALUES ('GhcScheduler', 'TASK_CLASS_NAME2', 'DEFAULT', NULL, 'com.ghc.common.utils.job.QuartzDisallowConcurrentExecution', '0', '1', '0', '0', 0xACED0005737200156F72672E71756172747A2E4A6F62446174614D61709FB083E8BFA9B0CB020000787200266F72672E71756172747A2E7574696C732E537472696E674B65794469727479466C61674D61708208E8C3FBC55D280200015A0013616C6C6F77735472616E7369656E74446174617872001D6F72672E71756172747A2E7574696C732E4469727479466C61674D617013E62EAD28760ACE0200025A000564697274794C00036D617074000F4C6A6176612F7574696C2F4D61703B787001737200116A6176612E7574696C2E486173684D61700507DAC1C31660D103000246000A6C6F6164466163746F724900097468726573686F6C6478703F4000000000000C7708000000100000000174000F5441534B5F50524F5045525449455373720025636F6D2E6768632E70726F6A6563742E6D6F6E69746F722E646F6D61696E2E5379734A6F6200000000000000010200084C000A636F6E63757272656E747400124C6A6176612F6C616E672F537472696E673B4C000E63726F6E45787072657373696F6E71007E00094C000C696E766F6B6554617267657471007E00094C00086A6F6247726F757071007E00094C00056A6F6249647400104C6A6176612F6C616E672F4C6F6E673B4C00076A6F624E616D6571007E00094C000D6D697366697265506F6C69637971007E00094C000673746174757371007E000978720027636F6D2E6768632E6672616D65776F726B2E7765622E646F6D61696E2E42617365456E74697479000000000000000102000A4C0009626567696E54696D6571007E00094C0008637265617465427971007E00094C000A63726561746554696D657400104C6A6176612F7574696C2F446174653B4C00096461746153636F706571007E00094C0007656E6454696D6571007E00094C0006706172616D7371007E00034C000672656D61726B71007E00094C000B73656172636856616C756571007E00094C0008757064617465427971007E00094C000A75706461746554696D6571007E000C78707074000561646D696E7372000E6A6176612E7574696C2E44617465686A81014B59741903000078707708000001622CDE29E0787070707400007070707400013174000E302F3135202A202A202A202A203F74001572795461736B2E7279506172616D7328277279272974000744454641554C547372000E6A6176612E6C616E672E4C6F6E673B8BE490CC8F23DF0200014A000576616C7565787200106A6176612E6C616E672E4E756D62657286AC951D0B94E08B02000078700000000000000002740018E7B3BBE7BB9FE9BB98E8AEA4EFBC88E69C89E58F82EFBC8974000133740001317800);
INSERT INTO `QRTZ_JOB_DETAILS` VALUES ('GhcScheduler', 'TASK_CLASS_NAME3', 'DEFAULT', NULL, 'com.ghc.common.utils.job.QuartzDisallowConcurrentExecution', '0', '1', '0', '0', 0xACED0005737200156F72672E71756172747A2E4A6F62446174614D61709FB083E8BFA9B0CB020000787200266F72672E71756172747A2E7574696C732E537472696E674B65794469727479466C61674D61708208E8C3FBC55D280200015A0013616C6C6F77735472616E7369656E74446174617872001D6F72672E71756172747A2E7574696C732E4469727479466C61674D617013E62EAD28760ACE0200025A000564697274794C00036D617074000F4C6A6176612F7574696C2F4D61703B787001737200116A6176612E7574696C2E486173684D61700507DAC1C31660D103000246000A6C6F6164466163746F724900097468726573686F6C6478703F4000000000000C7708000000100000000174000F5441534B5F50524F5045525449455373720025636F6D2E6768632E70726F6A6563742E6D6F6E69746F722E646F6D61696E2E5379734A6F6200000000000000010200084C000A636F6E63757272656E747400124C6A6176612F6C616E672F537472696E673B4C000E63726F6E45787072657373696F6E71007E00094C000C696E766F6B6554617267657471007E00094C00086A6F6247726F757071007E00094C00056A6F6249647400104C6A6176612F6C616E672F4C6F6E673B4C00076A6F624E616D6571007E00094C000D6D697366697265506F6C69637971007E00094C000673746174757371007E000978720027636F6D2E6768632E6672616D65776F726B2E7765622E646F6D61696E2E42617365456E74697479000000000000000102000A4C0009626567696E54696D6571007E00094C0008637265617465427971007E00094C000A63726561746554696D657400104C6A6176612F7574696C2F446174653B4C00096461746153636F706571007E00094C0007656E6454696D6571007E00094C0006706172616D7371007E00034C000672656D61726B71007E00094C000B73656172636856616C756571007E00094C0008757064617465427971007E00094C000A75706461746554696D6571007E000C78707074000561646D696E7372000E6A6176612E7574696C2E44617465686A81014B59741903000078707708000001622CDE29E0787070707400007070707400013174000E302F3230202A202A202A202A203F74003872795461736B2E72794D756C7469706C65506172616D7328277279272C20747275652C20323030304C2C203331362E3530442C203130302974000744454641554C547372000E6A6176612E6C616E672E4C6F6E673B8BE490CC8F23DF0200014A000576616C7565787200106A6176612E6C616E672E4E756D62657286AC951D0B94E08B02000078700000000000000003740018E7B3BBE7BB9FE9BB98E8AEA4EFBC88E5A49AE58F82EFBC8974000133740001317800);

-- ----------------------------
-- Table structure for QRTZ_LOCKS
-- ----------------------------
DROP TABLE IF EXISTS `QRTZ_LOCKS`;
CREATE TABLE `QRTZ_LOCKS`  (
  `sched_name` varchar(120) CHARACTER SET utf8mb4 COLLATE utf8mb4_0900_ai_ci NOT NULL,
  `lock_name` varchar(40) CHARACTER SET utf8mb4 COLLATE utf8mb4_0900_ai_ci NOT NULL,
  PRIMARY KEY (`sched_name`, `lock_name`) USING BTREE
) ENGINE = InnoDB CHARACTER SET = utf8mb4 COLLATE = utf8mb4_0900_ai_ci ROW_FORMAT = Dynamic;

-- ----------------------------
-- Records of QRTZ_LOCKS
-- ----------------------------
INSERT INTO `QRTZ_LOCKS` VALUES ('GhcScheduler', 'STATE_ACCESS');
INSERT INTO `QRTZ_LOCKS` VALUES ('GhcScheduler', 'TRIGGER_ACCESS');

-- ----------------------------
-- Table structure for QRTZ_PAUSED_TRIGGER_GRPS
-- ----------------------------
DROP TABLE IF EXISTS `QRTZ_PAUSED_TRIGGER_GRPS`;
CREATE TABLE `QRTZ_PAUSED_TRIGGER_GRPS`  (
  `sched_name` varchar(120) CHARACTER SET utf8mb4 COLLATE utf8mb4_0900_ai_ci NOT NULL,
  `trigger_group` varchar(200) CHARACTER SET utf8mb4 COLLATE utf8mb4_0900_ai_ci NOT NULL,
  PRIMARY KEY (`sched_name`, `trigger_group`) USING BTREE
) ENGINE = InnoDB CHARACTER SET = utf8mb4 COLLATE = utf8mb4_0900_ai_ci ROW_FORMAT = Dynamic;

-- ----------------------------
-- Table structure for QRTZ_SCHEDULER_STATE
-- ----------------------------
DROP TABLE IF EXISTS `QRTZ_SCHEDULER_STATE`;
CREATE TABLE `QRTZ_SCHEDULER_STATE`  (
  `sched_name` varchar(120) CHARACTER SET utf8mb4 COLLATE utf8mb4_0900_ai_ci NOT NULL,
  `instance_name` varchar(200) CHARACTER SET utf8mb4 COLLATE utf8mb4_0900_ai_ci NOT NULL,
  `last_checkin_time` bigint(0) NOT NULL,
  `checkin_interval` bigint(0) NOT NULL,
  PRIMARY KEY (`sched_name`, `instance_name`) USING BTREE
) ENGINE = InnoDB CHARACTER SET = utf8mb4 COLLATE = utf8mb4_0900_ai_ci ROW_FORMAT = Dynamic;

-- ----------------------------
-- Records of QRTZ_SCHEDULER_STATE
-- ----------------------------
INSERT INTO `QRTZ_SCHEDULER_STATE` VALUES ('GhcScheduler', 'DESKTOP-LW1589302112620', 1589302431622, 15000);

-- ----------------------------
-- Table structure for QRTZ_SIMPLE_TRIGGERS
-- ----------------------------
DROP TABLE IF EXISTS `QRTZ_SIMPLE_TRIGGERS`;
CREATE TABLE `QRTZ_SIMPLE_TRIGGERS`  (
  `sched_name` varchar(120) CHARACTER SET utf8mb4 COLLATE utf8mb4_0900_ai_ci NOT NULL,
  `trigger_name` varchar(200) CHARACTER SET utf8mb4 COLLATE utf8mb4_0900_ai_ci NOT NULL,
  `trigger_group` varchar(200) CHARACTER SET utf8mb4 COLLATE utf8mb4_0900_ai_ci NOT NULL,
  `repeat_count` bigint(0) NOT NULL,
  `repeat_interval` bigint(0) NOT NULL,
  `times_triggered` bigint(0) NOT NULL,
  PRIMARY KEY (`sched_name`, `trigger_name`, `trigger_group`) USING BTREE,
  CONSTRAINT `QRTZ_SIMPLE_TRIGGERS_ibfk_1` FOREIGN KEY (`sched_name`, `trigger_name`, `trigger_group`) REFERENCES `QRTZ_TRIGGERS` (`sched_name`, `trigger_name`, `trigger_group`) ON DELETE RESTRICT ON UPDATE RESTRICT
) ENGINE = InnoDB CHARACTER SET = utf8mb4 COLLATE = utf8mb4_0900_ai_ci ROW_FORMAT = Dynamic;

-- ----------------------------
-- Table structure for QRTZ_SIMPROP_TRIGGERS
-- ----------------------------
DROP TABLE IF EXISTS `QRTZ_SIMPROP_TRIGGERS`;
CREATE TABLE `QRTZ_SIMPROP_TRIGGERS`  (
  `sched_name` varchar(120) CHARACTER SET utf8mb4 COLLATE utf8mb4_0900_ai_ci NOT NULL,
  `trigger_name` varchar(200) CHARACTER SET utf8mb4 COLLATE utf8mb4_0900_ai_ci NOT NULL,
  `trigger_group` varchar(200) CHARACTER SET utf8mb4 COLLATE utf8mb4_0900_ai_ci NOT NULL,
  `str_prop_1` varchar(512) CHARACTER SET utf8mb4 COLLATE utf8mb4_0900_ai_ci NULL DEFAULT NULL,
  `str_prop_2` varchar(512) CHARACTER SET utf8mb4 COLLATE utf8mb4_0900_ai_ci NULL DEFAULT NULL,
  `str_prop_3` varchar(512) CHARACTER SET utf8mb4 COLLATE utf8mb4_0900_ai_ci NULL DEFAULT NULL,
  `int_prop_1` int(0) NULL DEFAULT NULL,
  `int_prop_2` int(0) NULL DEFAULT NULL,
  `long_prop_1` bigint(0) NULL DEFAULT NULL,
  `long_prop_2` bigint(0) NULL DEFAULT NULL,
  `dec_prop_1` decimal(13, 4) NULL DEFAULT NULL,
  `dec_prop_2` decimal(13, 4) NULL DEFAULT NULL,
  `bool_prop_1` varchar(1) CHARACTER SET utf8mb4 COLLATE utf8mb4_0900_ai_ci NULL DEFAULT NULL,
  `bool_prop_2` varchar(1) CHARACTER SET utf8mb4 COLLATE utf8mb4_0900_ai_ci NULL DEFAULT NULL,
  PRIMARY KEY (`sched_name`, `trigger_name`, `trigger_group`) USING BTREE,
  CONSTRAINT `QRTZ_SIMPROP_TRIGGERS_ibfk_1` FOREIGN KEY (`sched_name`, `trigger_name`, `trigger_group`) REFERENCES `QRTZ_TRIGGERS` (`sched_name`, `trigger_name`, `trigger_group`) ON DELETE RESTRICT ON UPDATE RESTRICT
) ENGINE = InnoDB CHARACTER SET = utf8mb4 COLLATE = utf8mb4_0900_ai_ci ROW_FORMAT = Dynamic;

-- ----------------------------
-- Table structure for QRTZ_TRIGGERS
-- ----------------------------
DROP TABLE IF EXISTS `QRTZ_TRIGGERS`;
CREATE TABLE `QRTZ_TRIGGERS`  (
  `sched_name` varchar(120) CHARACTER SET utf8mb4 COLLATE utf8mb4_0900_ai_ci NOT NULL,
  `trigger_name` varchar(200) CHARACTER SET utf8mb4 COLLATE utf8mb4_0900_ai_ci NOT NULL,
  `trigger_group` varchar(200) CHARACTER SET utf8mb4 COLLATE utf8mb4_0900_ai_ci NOT NULL,
  `job_name` varchar(200) CHARACTER SET utf8mb4 COLLATE utf8mb4_0900_ai_ci NOT NULL,
  `job_group` varchar(200) CHARACTER SET utf8mb4 COLLATE utf8mb4_0900_ai_ci NOT NULL,
  `description` varchar(250) CHARACTER SET utf8mb4 COLLATE utf8mb4_0900_ai_ci NULL DEFAULT NULL,
  `next_fire_time` bigint(0) NULL DEFAULT NULL,
  `prev_fire_time` bigint(0) NULL DEFAULT NULL,
  `priority` int(0) NULL DEFAULT NULL,
  `trigger_state` varchar(16) CHARACTER SET utf8mb4 COLLATE utf8mb4_0900_ai_ci NOT NULL,
  `trigger_type` varchar(8) CHARACTER SET utf8mb4 COLLATE utf8mb4_0900_ai_ci NOT NULL,
  `start_time` bigint(0) NOT NULL,
  `end_time` bigint(0) NULL DEFAULT NULL,
  `calendar_name` varchar(200) CHARACTER SET utf8mb4 COLLATE utf8mb4_0900_ai_ci NULL DEFAULT NULL,
  `misfire_instr` smallint(0) NULL DEFAULT NULL,
  `job_data` blob NULL,
  PRIMARY KEY (`sched_name`, `trigger_name`, `trigger_group`) USING BTREE,
  INDEX `sched_name`(`sched_name`, `job_name`, `job_group`) USING BTREE,
  CONSTRAINT `QRTZ_TRIGGERS_ibfk_1` FOREIGN KEY (`sched_name`, `job_name`, `job_group`) REFERENCES `QRTZ_JOB_DETAILS` (`sched_name`, `job_name`, `job_group`) ON DELETE RESTRICT ON UPDATE RESTRICT
) ENGINE = InnoDB CHARACTER SET = utf8mb4 COLLATE = utf8mb4_0900_ai_ci ROW_FORMAT = Dynamic;

-- ----------------------------
-- Records of QRTZ_TRIGGERS
-- ----------------------------
INSERT INTO `QRTZ_TRIGGERS` VALUES ('GhcScheduler', 'TASK_CLASS_NAME1', 'DEFAULT', 'TASK_CLASS_NAME1', 'DEFAULT', NULL, 1589302120000, -1, 5, 'PAUSED', 'CRON', 1589302112000, 0, NULL, 2, '');
INSERT INTO `QRTZ_TRIGGERS` VALUES ('GhcScheduler', 'TASK_CLASS_NAME2', 'DEFAULT', 'TASK_CLASS_NAME2', 'DEFAULT', NULL, 1589302125000, -1, 5, 'PAUSED', 'CRON', 1589302112000, 0, NULL, 2, '');
INSERT INTO `QRTZ_TRIGGERS` VALUES ('GhcScheduler', 'TASK_CLASS_NAME3', 'DEFAULT', 'TASK_CLASS_NAME3', 'DEFAULT', NULL, 1589302120000, -1, 5, 'PAUSED', 'CRON', 1589302112000, 0, NULL, 2, '');

-- ----------------------------
-- Table structure for blog_article
-- ----------------------------
DROP TABLE IF EXISTS `blog_article`;
CREATE TABLE `blog_article`  (
  `id` bigint(0) NOT NULL AUTO_INCREMENT COMMENT '主键ID',
  `user_id` bigint(0) NOT NULL COMMENT '用户ID',
  `nick_name` varchar(64) CHARACTER SET utf8 COLLATE utf8_general_ci NOT NULL COMMENT '作者昵称',
  `title` varchar(255) CHARACTER SET utf8 COLLATE utf8_general_ci NULL DEFAULT NULL COMMENT '文章标题',
  `summary` varchar(255) CHARACTER SET utf8 COLLATE utf8_general_ci NULL DEFAULT NULL COMMENT '文章摘要',
  `content` longtext CHARACTER SET utf8 COLLATE utf8_general_ci NULL COMMENT '文章内容txt',
  `content_html` longtext CHARACTER SET utf8 COLLATE utf8_general_ci NULL COMMENT '文章内容html',
  `view_num` int(0) NULL DEFAULT NULL COMMENT '浏览数',
  `comment_num` int(0) NULL DEFAULT NULL COMMENT '评论数',
  `weight` int(0) NOT NULL COMMENT '权重',
  `tags` varchar(255) CHARACTER SET utf8 COLLATE utf8_general_ci NULL DEFAULT NULL COMMENT '文章标签',
  `category_id` int(0) NULL DEFAULT NULL COMMENT '文章分类ID',
  `create_time` datetime(0) NOT NULL COMMENT '创建时间',
  `update_time` datetime(0) NOT NULL COMMENT '更新时间',
  PRIMARY KEY (`id`) USING BTREE
) ENGINE = InnoDB AUTO_INCREMENT = 1000 CHARACTER SET = utf8 COLLATE = utf8_general_ci COMMENT = '文章表' ROW_FORMAT = Dynamic;

-- ----------------------------
-- Records of blog_article
-- ----------------------------
INSERT INTO `blog_article` VALUES (1, 1, 'liangfeihu', 'Vue构建前台页面Vue构建前台页面Vue构建前台页面Vue构建前台页面', 'Vue构建前台页面过程1Vue构建前台页面过程2Vue构建前台页面过程3Vue构建前台页面过程4Vue构建前台页面过程5Vue构建前台页面过程6Vue构建前台页面过程7Vue构建前台页面过程8', '## 2018-01-04\n\n```\n# 使用vue的Webpack模板生成脚手架\n```\n\n## 2018-01-05\n\n```\n# 引入ElementUI\n\n# babel-plugin-component自定义主题\n# 首页\n# 登陆页\n# 注册页面\n# 日志页\n```\n## 2018-01-07\n\n```\n# 调整底部栏始终固定在底部\n# 日志页 添加时间轴\n# 首页的文章列表\n```\n## 2018-01-08\n\n```\n# 使用组件-博客作者tab页 \n# 添加第三方图标\n```\n\n## 2018-01-09\n\n```\n# 调整顶部导航栏：激活文字颜色，click点击\n# 组件-最新文章tab页\n\n# 最新文章、最热文章使用相同组件\n# 底部栏设计\n# 页面与两边边距改为100\n```\n\n## 2018-01-10\n\n```\n# 写博客 引入mavonEditor编辑器\n# 顶部导航栏都放入一个Menu中\n# 写文章页面\n#　mavonEditor局部引入\n\n#　页面的中间区域固定宽度，自动居中\n# 发布和取消\n# 发布dialog\n\n```\n## 2018-01-11\n\n```\n# 文章组件用守卫来改变body背景色\n# 调整登陆和注册页面，使其居中\n\n#子页面调整根元素为div\n#文章详情页\n\n```\n## 2018-01-12\n\n```\n# 文章详情页  内容  评论等\n\n```\n## 2018-01-13\n\n```\n## 重新调整页面结构	\n#顶部和底部 抽成  BaseHeader BaseFooter 组件\n#BlogView为单独页，以前是Home的子路由\n\n```\n## 2018-01-15\n\n``` \n# 文章分类去掉子级\n# 将首页的文章列表抽成 ArticleItem组件\n# 增加文章的评论展示\n# 增加文章分类、标签页\n\n```\n\n## 2018-01-15  2\n\n``` \n# 回到顶部去掉过渡动画（影响顶部导航栏）\n# 顶部导航栏 增加登录后菜单\n# 首页增加 最热标签\n# 增加 文章分类 标签的详情页\n# 将文章详情页、 文章分类标签页 改为Home的子路由（以前单独页）\n# Home组件增加路由判断：更正导航栏的状态、条件显示底部栏\n\n```\n\n## 2018-01-16\n\n``` \n# 将写文章的顶部Header合并到BaseHeader中\n# 图片都放到了static目录下\n\n```\n\n## 2018-01-24\n\n``` \n# 将自定义的theme放到assets下\n# 加入axios\n# 加入vuex\n# 实现登录\n# 实现退出\n\n```\n\n## 2018-01-25\n\n``` \n# 实现注册逻辑\n# 写文章功能实现\n# 写文章时支持插入图片\n\n```\n## 2018-01-26\n\n``` \n# 引入lodash工具类\n# 优化写文章的工具栏：滚动时固定顶部\n# 写文章 后台获取文章分类和标签\n\n# 首页的文章列表\n\n```\n\n## 2018-01-27\n\n``` \n# 修改首页文章列表的样式\n# 首页加载文章功能\n# 文章查看功能\n# 文章分类和标签功能列表\n\n```\n\n## 2018-01-28\n\n``` \n# 文章分类和标签详情\n\n```\n\n## 2018-01-29\n\n``` \n# 文章分类和标签的文章数\n# 首页最热文章\n# 首页最新文章\n# 首页最热标签\n\n```\n## 2018-01-30\n\n``` \n# BaseHeader放回views中\n# 修改Axios后置拦截，全局处理错误\n# 将登录 退出 和头像 放到一起\n\n```', '<h2>2018-01-04</h2>\n<pre><code class=\"lang-\"># 使用vue的Webpack模板生成脚手架\n</code></pre>\n<h2>2018-01-05</h2>\n<pre><code class=\"lang-\"># 引入ElementUI\n\n# babel-plugin-component自定义主题\n# 首页\n# 登陆页\n# 注册页面\n# 日志页\n</code></pre>\n<h2>2018-01-07</h2>\n<pre><code class=\"lang-\"># 调整底部栏始终固定在底部\n# 日志页 添加时间轴\n# 首页的文章列表\n</code></pre>\n<h2>2018-01-08</h2>\n<pre><code class=\"lang-\"># 使用组件-博客作者tab页 \n# 添加第三方图标\n</code></pre>\n<h2>2018-01-09</h2>\n<pre><code class=\"lang-\"># 调整顶部导航栏：激活文字颜色，click点击\n# 组件-最新文章tab页\n\n# 最新文章、最热文章使用相同组件\n# 底部栏设计\n# 页面与两边边距改为100\n</code></pre>\n<h2>2018-01-10</h2>\n<pre><code class=\"lang-\"># 写博客 引入mavonEditor编辑器\n# 顶部导航栏都放入一个Menu中\n# 写文章页面\n#　mavonEditor局部引入\n\n#　页面的中间区域固定宽度，自动居中\n# 发布和取消\n# 发布dialog\n\n</code></pre>\n<h2>2018-01-11</h2>\n<pre><code class=\"lang-\"># 文章组件用守卫来改变body背景色\n# 调整登陆和注册页面，使其居中\n\n#子页面调整根元素为div\n#文章详情页\n\n</code></pre>\n<h2>2018-01-12</h2>\n<pre><code class=\"lang-\"># 文章详情页  内容  评论等\n\n</code></pre>\n<h2>2018-01-13</h2>\n<pre><code class=\"lang-\">## 重新调整页面结构	\n#顶部和底部 抽成  BaseHeader BaseFooter 组件\n#BlogView为单独页，以前是Home的子路由\n\n</code></pre>\n<h2>2018-01-15</h2>\n<pre><code class=\"lang-\"># 文章分类去掉子级\n# 将首页的文章列表抽成 ArticleItem组件\n# 增加文章的评论展示\n# 增加文章分类、标签页\n\n</code></pre>\n<h2>2018-01-15  2</h2>\n<pre><code class=\"lang-\"># 回到顶部去掉过渡动画（影响顶部导航栏）\n# 顶部导航栏 增加登录后菜单\n# 首页增加 最热标签\n# 增加 文章分类 标签的详情页\n# 将文章详情页、 文章分类标签页 改为Home的子路由（以前单独页）\n# Home组件增加路由判断：更正导航栏的状态、条件显示底部栏\n\n</code></pre>\n<h2>2018-01-16</h2>\n<pre><code class=\"lang-\"># 将写文章的顶部Header合并到BaseHeader中\n# 图片都放到了static目录下\n\n</code></pre>\n<h2>2018-01-24</h2>\n<pre><code class=\"lang-\"># 将自定义的theme放到assets下\n# 加入axios\n# 加入vuex\n# 实现登录\n# 实现退出\n\n</code></pre>\n<h2>2018-01-25</h2>\n<pre><code class=\"lang-\"># 实现注册逻辑\n# 写文章功能实现\n# 写文章时支持插入图片\n\n</code></pre>\n<h2>2018-01-26</h2>\n<pre><code class=\"lang-\"># 引入lodash工具类\n# 优化写文章的工具栏：滚动时固定顶部\n# 写文章 后台获取文章分类和标签\n\n# 首页的文章列表\n\n</code></pre>\n<h2>2018-01-27</h2>\n<pre><code class=\"lang-\"># 修改首页文章列表的样式\n# 首页加载文章功能\n# 文章查看功能\n# 文章分类和标签功能列表\n\n</code></pre>\n<h2>2018-01-28</h2>\n<pre><code class=\"lang-\"># 文章分类和标签详情\n\n</code></pre>\n<h2>2018-01-29</h2>\n<pre><code class=\"lang-\"># 文章分类和标签的文章数\n# 首页最热文章\n# 首页最新文章\n# 首页最热标签\n\n</code></pre>\n<h2>2018-01-30</h2>\n<pre><code class=\"lang-\"># BaseHeader放回views中\n# 修改Axios后置拦截，全局处理错误\n# 将登录 退出 和头像 放到一起\n\n</code></pre>\n', 65, 8, 0, 'Vue,Css,Html,JavaScript', 1, '2018-07-01 15:21:06', '2020-05-10 04:07:44');
INSERT INTO `blog_article` VALUES (2, 1, 'liangweijie', '1001Vue构建前台页面Vue构建前台页面Vue构建前台页面Vue构建前台页面', 'Vue构建前台页面过程1Vue构建前台页面过程2Vue构建前台页面过程3Vue构建前台页面过程4Vue构建前台页面过程5Vue构建前台页面过程6Vue构建前台页面过程7Vue构建前台页面过程8', '## 2018-01-04\n\n```\n# 使用vue的Webpack模板生成脚手架\n```\n\n## 2018-01-05\n\n```\n# 引入ElementUI\n\n# babel-plugin-component自定义主题\n# 首页\n# 登陆页\n# 注册页面\n# 日志页\n```\n## 2018-01-07\n\n```\n# 调整底部栏始终固定在底部\n# 日志页 添加时间轴\n# 首页的文章列表\n```\n## 2018-01-08\n\n```\n# 使用组件-博客作者tab页 \n# 添加第三方图标\n```\n\n## 2018-01-09\n\n```\n# 调整顶部导航栏：激活文字颜色，click点击\n# 组件-最新文章tab页\n\n# 最新文章、最热文章使用相同组件\n# 底部栏设计\n# 页面与两边边距改为100\n```\n\n## 2018-01-10\n\n```\n# 写博客 引入mavonEditor编辑器\n# 顶部导航栏都放入一个Menu中\n# 写文章页面\n#　mavonEditor局部引入\n\n#　页面的中间区域固定宽度，自动居中\n# 发布和取消\n# 发布dialog\n\n```\n## 2018-01-11\n\n```\n# 文章组件用守卫来改变body背景色\n# 调整登陆和注册页面，使其居中\n\n#子页面调整根元素为div\n#文章详情页\n\n```\n## 2018-01-12\n\n```\n# 文章详情页  内容  评论等\n\n```\n## 2018-01-13\n\n```\n## 重新调整页面结构	\n#顶部和底部 抽成  BaseHeader BaseFooter 组件\n#BlogView为单独页，以前是Home的子路由\n\n```\n## 2018-01-15\n\n``` \n# 文章分类去掉子级\n# 将首页的文章列表抽成 ArticleItem组件\n# 增加文章的评论展示\n# 增加文章分类、标签页\n\n```\n\n## 2018-01-15  2\n\n``` \n# 回到顶部去掉过渡动画（影响顶部导航栏）\n# 顶部导航栏 增加登录后菜单\n# 首页增加 最热标签\n# 增加 文章分类 标签的详情页\n# 将文章详情页、 文章分类标签页 改为Home的子路由（以前单独页）\n# Home组件增加路由判断：更正导航栏的状态、条件显示底部栏\n\n```\n\n## 2018-01-16\n\n``` \n# 将写文章的顶部Header合并到BaseHeader中\n# 图片都放到了static目录下\n\n```\n\n## 2018-01-24\n\n``` \n# 将自定义的theme放到assets下\n# 加入axios\n# 加入vuex\n# 实现登录\n# 实现退出\n\n```\n\n## 2018-01-25\n\n``` \n# 实现注册逻辑\n# 写文章功能实现\n# 写文章时支持插入图片\n\n```\n## 2018-01-26\n\n``` \n# 引入lodash工具类\n# 优化写文章的工具栏：滚动时固定顶部\n# 写文章 后台获取文章分类和标签\n\n# 首页的文章列表\n\n```\n\n## 2018-01-27\n\n``` \n# 修改首页文章列表的样式\n# 首页加载文章功能\n# 文章查看功能\n# 文章分类和标签功能列表\n\n```\n\n## 2018-01-28\n\n``` \n# 文章分类和标签详情\n\n```\n\n## 2018-01-29\n\n``` \n# 文章分类和标签的文章数\n# 首页最热文章\n# 首页最新文章\n# 首页最热标签\n\n```\n## 2018-01-30\n\n``` \n# BaseHeader放回views中\n# 修改Axios后置拦截，全局处理错误\n# 将登录 退出 和头像 放到一起\n\n```', '<h2>2018-01-04</h2>\n<pre><code class=\"lang-\"># 使用vue的Webpack模板生成脚手架\n</code></pre>\n<h2>2018-01-05</h2>\n<pre><code class=\"lang-\"># 引入ElementUI\n\n# babel-plugin-component自定义主题\n# 首页\n# 登陆页\n# 注册页面\n# 日志页\n</code></pre>\n<h2>2018-01-07</h2>\n<pre><code class=\"lang-\"># 调整底部栏始终固定在底部\n# 日志页 添加时间轴\n# 首页的文章列表\n</code></pre>\n<h2>2018-01-08</h2>\n<pre><code class=\"lang-\"># 使用组件-博客作者tab页 \n# 添加第三方图标\n</code></pre>\n<h2>2018-01-09</h2>\n<pre><code class=\"lang-\"># 调整顶部导航栏：激活文字颜色，click点击\n# 组件-最新文章tab页\n\n# 最新文章、最热文章使用相同组件\n# 底部栏设计\n# 页面与两边边距改为100\n</code></pre>\n<h2>2018-01-10</h2>\n<pre><code class=\"lang-\"># 写博客 引入mavonEditor编辑器\n# 顶部导航栏都放入一个Menu中\n# 写文章页面\n#　mavonEditor局部引入\n\n#　页面的中间区域固定宽度，自动居中\n# 发布和取消\n# 发布dialog\n\n</code></pre>\n<h2>2018-01-11</h2>\n<pre><code class=\"lang-\"># 文章组件用守卫来改变body背景色\n# 调整登陆和注册页面，使其居中\n\n#子页面调整根元素为div\n#文章详情页\n\n</code></pre>\n<h2>2018-01-12</h2>\n<pre><code class=\"lang-\"># 文章详情页  内容  评论等\n\n</code></pre>\n<h2>2018-01-13</h2>\n<pre><code class=\"lang-\">## 重新调整页面结构	\n#顶部和底部 抽成  BaseHeader BaseFooter 组件\n#BlogView为单独页，以前是Home的子路由\n\n</code></pre>\n<h2>2018-01-15</h2>\n<pre><code class=\"lang-\"># 文章分类去掉子级\n# 将首页的文章列表抽成 ArticleItem组件\n# 增加文章的评论展示\n# 增加文章分类、标签页\n\n</code></pre>\n<h2>2018-01-15  2</h2>\n<pre><code class=\"lang-\"># 回到顶部去掉过渡动画（影响顶部导航栏）\n# 顶部导航栏 增加登录后菜单\n# 首页增加 最热标签\n# 增加 文章分类 标签的详情页\n# 将文章详情页、 文章分类标签页 改为Home的子路由（以前单独页）\n# Home组件增加路由判断：更正导航栏的状态、条件显示底部栏\n\n</code></pre>\n<h2>2018-01-16</h2>\n<pre><code class=\"lang-\"># 将写文章的顶部Header合并到BaseHeader中\n# 图片都放到了static目录下\n\n</code></pre>\n<h2>2018-01-24</h2>\n<pre><code class=\"lang-\"># 将自定义的theme放到assets下\n# 加入axios\n# 加入vuex\n# 实现登录\n# 实现退出\n\n</code></pre>\n<h2>2018-01-25</h2>\n<pre><code class=\"lang-\"># 实现注册逻辑\n# 写文章功能实现\n# 写文章时支持插入图片\n\n</code></pre>\n<h2>2018-01-26</h2>\n<pre><code class=\"lang-\"># 引入lodash工具类\n# 优化写文章的工具栏：滚动时固定顶部\n# 写文章 后台获取文章分类和标签\n\n# 首页的文章列表\n\n</code></pre>\n<h2>2018-01-27</h2>\n<pre><code class=\"lang-\"># 修改首页文章列表的样式\n# 首页加载文章功能\n# 文章查看功能\n# 文章分类和标签功能列表\n\n</code></pre>\n<h2>2018-01-28</h2>\n<pre><code class=\"lang-\"># 文章分类和标签详情\n\n</code></pre>\n<h2>2018-01-29</h2>\n<pre><code class=\"lang-\"># 文章分类和标签的文章数\n# 首页最热文章\n# 首页最新文章\n# 首页最热标签\n\n</code></pre>\n<h2>2018-01-30</h2>\n<pre><code class=\"lang-\"># BaseHeader放回views中\n# 修改Axios后置拦截，全局处理错误\n# 将登录 退出 和头像 放到一起\n\n</code></pre>\n', 27, 5, 0, 'Vue,Html', 1, '2018-07-03 15:21:08', '2018-07-06 15:21:08');
INSERT INTO `blog_article` VALUES (3, 2, 'liangfeihu', 'Vue构建前台页面Vue构建前台页面Vue构建前台页面Vue构建前台页面', 'Vue构建前台页面过程1Vue构建前台页面过程2Vue构建前台页面过程3Vue构建前台页面过程4Vue构建前台页面过程5Vue构建前台页面过程6Vue构建前台页面过程7Vue构建前台页面过程8', '## 2018-01-04\n\n```\n# 使用vue的Webpack模板生成脚手架\n```\n\n## 2018-01-05\n\n```\n# 引入ElementUI\n\n# babel-plugin-component自定义主题\n# 首页\n# 登陆页\n# 注册页面\n# 日志页\n```\n## 2018-01-07\n\n```\n# 调整底部栏始终固定在底部\n# 日志页 添加时间轴\n# 首页的文章列表\n```\n## 2018-01-08\n\n```\n# 使用组件-博客作者tab页 \n# 添加第三方图标\n```\n\n## 2018-01-09\n\n```\n# 调整顶部导航栏：激活文字颜色，click点击\n# 组件-最新文章tab页\n\n# 最新文章、最热文章使用相同组件\n# 底部栏设计\n# 页面与两边边距改为100\n```\n\n## 2018-01-10\n\n```\n# 写博客 引入mavonEditor编辑器\n# 顶部导航栏都放入一个Menu中\n# 写文章页面\n#　mavonEditor局部引入\n\n#　页面的中间区域固定宽度，自动居中\n# 发布和取消\n# 发布dialog\n\n```\n## 2018-01-11\n\n```\n# 文章组件用守卫来改变body背景色\n# 调整登陆和注册页面，使其居中\n\n#子页面调整根元素为div\n#文章详情页\n\n```\n## 2018-01-12\n\n```\n# 文章详情页  内容  评论等\n\n```\n## 2018-01-13\n\n```\n## 重新调整页面结构	\n#顶部和底部 抽成  BaseHeader BaseFooter 组件\n#BlogView为单独页，以前是Home的子路由\n\n```\n## 2018-01-15\n\n``` \n# 文章分类去掉子级\n# 将首页的文章列表抽成 ArticleItem组件\n# 增加文章的评论展示\n# 增加文章分类、标签页\n\n```\n\n## 2018-01-15  2\n\n``` \n# 回到顶部去掉过渡动画（影响顶部导航栏）\n# 顶部导航栏 增加登录后菜单\n# 首页增加 最热标签\n# 增加 文章分类 标签的详情页\n# 将文章详情页、 文章分类标签页 改为Home的子路由（以前单独页）\n# Home组件增加路由判断：更正导航栏的状态、条件显示底部栏\n\n```\n\n## 2018-01-16\n\n``` \n# 将写文章的顶部Header合并到BaseHeader中\n# 图片都放到了static目录下\n\n```\n\n## 2018-01-24\n\n``` \n# 将自定义的theme放到assets下\n# 加入axios\n# 加入vuex\n# 实现登录\n# 实现退出\n\n```\n\n## 2018-01-25\n\n``` \n# 实现注册逻辑\n# 写文章功能实现\n# 写文章时支持插入图片\n\n```\n## 2018-01-26\n\n``` \n# 引入lodash工具类\n# 优化写文章的工具栏：滚动时固定顶部\n# 写文章 后台获取文章分类和标签\n\n# 首页的文章列表\n\n```\n\n## 2018-01-27\n\n``` \n# 修改首页文章列表的样式\n# 首页加载文章功能\n# 文章查看功能\n# 文章分类和标签功能列表\n\n```\n\n## 2018-01-28\n\n``` \n# 文章分类和标签详情\n\n```\n\n## 2018-01-29\n\n``` \n# 文章分类和标签的文章数\n# 首页最热文章\n# 首页最新文章\n# 首页最热标签\n\n```\n## 2018-01-30\n\n``` \n# BaseHeader放回views中\n# 修改Axios后置拦截，全局处理错误\n# 将登录 退出 和头像 放到一起\n\n```', '<h2>2018-01-04</h2>\n<pre><code class=\"lang-\"># 使用vue的Webpack模板生成脚手架\n</code></pre>\n<h2>2018-01-05</h2>\n<pre><code class=\"lang-\"># 引入ElementUI\n\n# babel-plugin-component自定义主题\n# 首页\n# 登陆页\n# 注册页面\n# 日志页\n</code></pre>\n<h2>2018-01-07</h2>\n<pre><code class=\"lang-\"># 调整底部栏始终固定在底部\n# 日志页 添加时间轴\n# 首页的文章列表\n</code></pre>\n<h2>2018-01-08</h2>\n<pre><code class=\"lang-\"># 使用组件-博客作者tab页 \n# 添加第三方图标\n</code></pre>\n<h2>2018-01-09</h2>\n<pre><code class=\"lang-\"># 调整顶部导航栏：激活文字颜色，click点击\n# 组件-最新文章tab页\n\n# 最新文章、最热文章使用相同组件\n# 底部栏设计\n# 页面与两边边距改为100\n</code></pre>\n<h2>2018-01-10</h2>\n<pre><code class=\"lang-\"># 写博客 引入mavonEditor编辑器\n# 顶部导航栏都放入一个Menu中\n# 写文章页面\n#　mavonEditor局部引入\n\n#　页面的中间区域固定宽度，自动居中\n# 发布和取消\n# 发布dialog\n\n</code></pre>\n<h2>2018-01-11</h2>\n<pre><code class=\"lang-\"># 文章组件用守卫来改变body背景色\n# 调整登陆和注册页面，使其居中\n\n#子页面调整根元素为div\n#文章详情页\n\n</code></pre>\n<h2>2018-01-12</h2>\n<pre><code class=\"lang-\"># 文章详情页  内容  评论等\n\n</code></pre>\n<h2>2018-01-13</h2>\n<pre><code class=\"lang-\">## 重新调整页面结构	\n#顶部和底部 抽成  BaseHeader BaseFooter 组件\n#BlogView为单独页，以前是Home的子路由\n\n</code></pre>\n<h2>2018-01-15</h2>\n<pre><code class=\"lang-\"># 文章分类去掉子级\n# 将首页的文章列表抽成 ArticleItem组件\n# 增加文章的评论展示\n# 增加文章分类、标签页\n\n</code></pre>\n<h2>2018-01-15  2</h2>\n<pre><code class=\"lang-\"># 回到顶部去掉过渡动画（影响顶部导航栏）\n# 顶部导航栏 增加登录后菜单\n# 首页增加 最热标签\n# 增加 文章分类 标签的详情页\n# 将文章详情页、 文章分类标签页 改为Home的子路由（以前单独页）\n# Home组件增加路由判断：更正导航栏的状态、条件显示底部栏\n\n</code></pre>\n<h2>2018-01-16</h2>\n<pre><code class=\"lang-\"># 将写文章的顶部Header合并到BaseHeader中\n# 图片都放到了static目录下\n\n</code></pre>\n<h2>2018-01-24</h2>\n<pre><code class=\"lang-\"># 将自定义的theme放到assets下\n# 加入axios\n# 加入vuex\n# 实现登录\n# 实现退出\n\n</code></pre>\n<h2>2018-01-25</h2>\n<pre><code class=\"lang-\"># 实现注册逻辑\n# 写文章功能实现\n# 写文章时支持插入图片\n\n</code></pre>\n<h2>2018-01-26</h2>\n<pre><code class=\"lang-\"># 引入lodash工具类\n# 优化写文章的工具栏：滚动时固定顶部\n# 写文章 后台获取文章分类和标签\n\n# 首页的文章列表\n\n</code></pre>\n<h2>2018-01-27</h2>\n<pre><code class=\"lang-\"># 修改首页文章列表的样式\n# 首页加载文章功能\n# 文章查看功能\n# 文章分类和标签功能列表\n\n</code></pre>\n<h2>2018-01-28</h2>\n<pre><code class=\"lang-\"># 文章分类和标签详情\n\n</code></pre>\n<h2>2018-01-29</h2>\n<pre><code class=\"lang-\"># 文章分类和标签的文章数\n# 首页最热文章\n# 首页最新文章\n# 首页最热标签\n\n</code></pre>\n<h2>2018-01-30</h2>\n<pre><code class=\"lang-\"># BaseHeader放回views中\n# 修改Axios后置拦截，全局处理错误\n# 将登录 退出 和头像 放到一起\n\n</code></pre>\n', 36, 7, 0, 'Vue,JavaScript', 1, '2018-07-05 15:21:06', '2018-07-06 15:21:08');
INSERT INTO `blog_article` VALUES (4, 2, 'liangweijie2', '1002Vue构建前台页面Vue构建前台页面Vue构建前台页面Vue构建前台页面', 'Vue构建前台页面过程1Vue构建前台页面过程2Vue构建前台页面过程3Vue构建前台页面过程4Vue构建前台页面过程5Vue构建前台页面过程6Vue构建前台页面过程7Vue构建前台页面过程8', '## 2018-01-04\n\n```\n# 使用vue的Webpack模板生成脚手架\n```\n\n## 2018-01-05\n\n```\n# 引入ElementUI\n\n# babel-plugin-component自定义主题\n# 首页\n# 登陆页\n# 注册页面\n# 日志页\n```\n## 2018-01-07\n\n```\n# 调整底部栏始终固定在底部\n# 日志页 添加时间轴\n# 首页的文章列表\n```\n## 2018-01-08\n\n```\n# 使用组件-博客作者tab页 \n# 添加第三方图标\n```\n\n## 2018-01-09\n\n```\n# 调整顶部导航栏：激活文字颜色，click点击\n# 组件-最新文章tab页\n\n# 最新文章、最热文章使用相同组件\n# 底部栏设计\n# 页面与两边边距改为100\n```\n\n## 2018-01-10\n\n```\n# 写博客 引入mavonEditor编辑器\n# 顶部导航栏都放入一个Menu中\n# 写文章页面\n#　mavonEditor局部引入\n\n#　页面的中间区域固定宽度，自动居中\n# 发布和取消\n# 发布dialog\n\n```\n## 2018-01-11\n\n```\n# 文章组件用守卫来改变body背景色\n# 调整登陆和注册页面，使其居中\n\n#子页面调整根元素为div\n#文章详情页\n\n```\n## 2018-01-12\n\n```\n# 文章详情页  内容  评论等\n\n```\n## 2018-01-13\n\n```\n## 重新调整页面结构	\n#顶部和底部 抽成  BaseHeader BaseFooter 组件\n#BlogView为单独页，以前是Home的子路由\n\n```\n## 2018-01-15\n\n``` \n# 文章分类去掉子级\n# 将首页的文章列表抽成 ArticleItem组件\n# 增加文章的评论展示\n# 增加文章分类、标签页\n\n```\n\n## 2018-01-15  2\n\n``` \n# 回到顶部去掉过渡动画（影响顶部导航栏）\n# 顶部导航栏 增加登录后菜单\n# 首页增加 最热标签\n# 增加 文章分类 标签的详情页\n# 将文章详情页、 文章分类标签页 改为Home的子路由（以前单独页）\n# Home组件增加路由判断：更正导航栏的状态、条件显示底部栏\n\n```\n\n## 2018-01-16\n\n``` \n# 将写文章的顶部Header合并到BaseHeader中\n# 图片都放到了static目录下\n\n```\n\n## 2018-01-24\n\n``` \n# 将自定义的theme放到assets下\n# 加入axios\n# 加入vuex\n# 实现登录\n# 实现退出\n\n```\n\n## 2018-01-25\n\n``` \n# 实现注册逻辑\n# 写文章功能实现\n# 写文章时支持插入图片\n\n```\n## 2018-01-26\n\n``` \n# 引入lodash工具类\n# 优化写文章的工具栏：滚动时固定顶部\n# 写文章 后台获取文章分类和标签\n\n# 首页的文章列表\n\n```\n\n## 2018-01-27\n\n``` \n# 修改首页文章列表的样式\n# 首页加载文章功能\n# 文章查看功能\n# 文章分类和标签功能列表\n\n```\n\n## 2018-01-28\n\n``` \n# 文章分类和标签详情\n\n```\n\n## 2018-01-29\n\n``` \n# 文章分类和标签的文章数\n# 首页最热文章\n# 首页最新文章\n# 首页最热标签\n\n```\n## 2018-01-30\n\n``` \n# BaseHeader放回views中\n# 修改Axios后置拦截，全局处理错误\n# 将登录 退出 和头像 放到一起\n\n```', '<h2>2018-01-04</h2>\n<pre><code class=\"lang-\"># 使用vue的Webpack模板生成脚手架\n</code></pre>\n<h2>2018-01-05</h2>\n<pre><code class=\"lang-\"># 引入ElementUI\n\n# babel-plugin-component自定义主题\n# 首页\n# 登陆页\n# 注册页面\n# 日志页\n</code></pre>\n<h2>2018-01-07</h2>\n<pre><code class=\"lang-\"># 调整底部栏始终固定在底部\n# 日志页 添加时间轴\n# 首页的文章列表\n</code></pre>\n<h2>2018-01-08</h2>\n<pre><code class=\"lang-\"># 使用组件-博客作者tab页 \n# 添加第三方图标\n</code></pre>\n<h2>2018-01-09</h2>\n<pre><code class=\"lang-\"># 调整顶部导航栏：激活文字颜色，click点击\n# 组件-最新文章tab页\n\n# 最新文章、最热文章使用相同组件\n# 底部栏设计\n# 页面与两边边距改为100\n</code></pre>\n<h2>2018-01-10</h2>\n<pre><code class=\"lang-\"># 写博客 引入mavonEditor编辑器\n# 顶部导航栏都放入一个Menu中\n# 写文章页面\n#　mavonEditor局部引入\n\n#　页面的中间区域固定宽度，自动居中\n# 发布和取消\n# 发布dialog\n\n</code></pre>\n<h2>2018-01-11</h2>\n<pre><code class=\"lang-\"># 文章组件用守卫来改变body背景色\n# 调整登陆和注册页面，使其居中\n\n#子页面调整根元素为div\n#文章详情页\n\n</code></pre>\n<h2>2018-01-12</h2>\n<pre><code class=\"lang-\"># 文章详情页  内容  评论等\n\n</code></pre>\n<h2>2018-01-13</h2>\n<pre><code class=\"lang-\">## 重新调整页面结构	\n#顶部和底部 抽成  BaseHeader BaseFooter 组件\n#BlogView为单独页，以前是Home的子路由\n\n</code></pre>\n<h2>2018-01-15</h2>\n<pre><code class=\"lang-\"># 文章分类去掉子级\n# 将首页的文章列表抽成 ArticleItem组件\n# 增加文章的评论展示\n# 增加文章分类、标签页\n\n</code></pre>\n<h2>2018-01-15  2</h2>\n<pre><code class=\"lang-\"># 回到顶部去掉过渡动画（影响顶部导航栏）\n# 顶部导航栏 增加登录后菜单\n# 首页增加 最热标签\n# 增加 文章分类 标签的详情页\n# 将文章详情页、 文章分类标签页 改为Home的子路由（以前单独页）\n# Home组件增加路由判断：更正导航栏的状态、条件显示底部栏\n\n</code></pre>\n<h2>2018-01-16</h2>\n<pre><code class=\"lang-\"># 将写文章的顶部Header合并到BaseHeader中\n# 图片都放到了static目录下\n\n</code></pre>\n<h2>2018-01-24</h2>\n<pre><code class=\"lang-\"># 将自定义的theme放到assets下\n# 加入axios\n# 加入vuex\n# 实现登录\n# 实现退出\n\n</code></pre>\n<h2>2018-01-25</h2>\n<pre><code class=\"lang-\"># 实现注册逻辑\n# 写文章功能实现\n# 写文章时支持插入图片\n\n</code></pre>\n<h2>2018-01-26</h2>\n<pre><code class=\"lang-\"># 引入lodash工具类\n# 优化写文章的工具栏：滚动时固定顶部\n# 写文章 后台获取文章分类和标签\n\n# 首页的文章列表\n\n</code></pre>\n<h2>2018-01-27</h2>\n<pre><code class=\"lang-\"># 修改首页文章列表的样式\n# 首页加载文章功能\n# 文章查看功能\n# 文章分类和标签功能列表\n\n</code></pre>\n<h2>2018-01-28</h2>\n<pre><code class=\"lang-\"># 文章分类和标签详情\n\n</code></pre>\n<h2>2018-01-29</h2>\n<pre><code class=\"lang-\"># 文章分类和标签的文章数\n# 首页最热文章\n# 首页最新文章\n# 首页最热标签\n\n</code></pre>\n<h2>2018-01-30</h2>\n<pre><code class=\"lang-\"># BaseHeader放回views中\n# 修改Axios后置拦截，全局处理错误\n# 将登录 退出 和头像 放到一起\n\n</code></pre>\n', 18, 2, 0, 'Vue,JavaScript', 1, '2018-07-06 15:21:06', '2018-07-06 15:21:08');

-- ----------------------------
-- Table structure for blog_article_tag
-- ----------------------------
DROP TABLE IF EXISTS `blog_article_tag`;
CREATE TABLE `blog_article_tag`  (
  `id` bigint(0) NOT NULL AUTO_INCREMENT COMMENT '主键ID',
  `article_id` bigint(0) NOT NULL COMMENT '文章ID',
  `tag_id` int(0) NOT NULL COMMENT '标签ID',
  `create_time` datetime(0) NOT NULL COMMENT '创建时间',
  `update_time` datetime(0) NOT NULL COMMENT '更新时间',
  PRIMARY KEY (`id`) USING BTREE
) ENGINE = InnoDB AUTO_INCREMENT = 1009 CHARACTER SET = utf8 COLLATE = utf8_general_ci COMMENT = '文章标签表' ROW_FORMAT = Dynamic;

-- ----------------------------
-- Records of blog_article_tag
-- ----------------------------
INSERT INTO `blog_article_tag` VALUES (999, 1, 7, '2018-07-06 18:50:23', '2018-07-06 18:50:26');
INSERT INTO `blog_article_tag` VALUES (1000, 1, 5, '2018-07-06 18:52:21', '2018-07-06 18:52:21');
INSERT INTO `blog_article_tag` VALUES (1001, 1, 6, '2018-07-06 18:52:21', '2018-07-06 18:52:21');
INSERT INTO `blog_article_tag` VALUES (1002, 1, 8, '2018-07-06 18:52:21', '2018-07-06 18:52:21');
INSERT INTO `blog_article_tag` VALUES (1003, 2, 5, '2018-07-06 18:53:55', '2018-07-06 18:53:55');
INSERT INTO `blog_article_tag` VALUES (1004, 2, 7, '2018-07-06 18:53:55', '2018-07-06 18:53:55');
INSERT INTO `blog_article_tag` VALUES (1005, 3, 6, '2018-07-06 18:54:22', '2018-07-06 18:54:22');
INSERT INTO `blog_article_tag` VALUES (1006, 3, 7, '2018-07-06 18:54:22', '2018-07-06 18:54:22');
INSERT INTO `blog_article_tag` VALUES (1007, 4, 6, '2018-07-06 18:54:57', '2018-07-06 18:54:57');
INSERT INTO `blog_article_tag` VALUES (1008, 4, 7, '2018-07-06 18:54:57', '2018-07-06 18:54:57');

-- ----------------------------
-- Table structure for blog_category
-- ----------------------------
DROP TABLE IF EXISTS `blog_category`;
CREATE TABLE `blog_category`  (
  `id` int(0) NOT NULL AUTO_INCREMENT COMMENT '主键ID',
  `category_name` varchar(64) CHARACTER SET utf8 COLLATE utf8_general_ci NULL DEFAULT NULL COMMENT '类别名字',
  `avatar` varchar(255) CHARACTER SET utf8 COLLATE utf8_general_ci NULL DEFAULT NULL COMMENT '类别图标',
  `description` varchar(255) CHARACTER SET utf8 COLLATE utf8_general_ci NULL DEFAULT NULL COMMENT '分类描述',
  `create_time` datetime(0) NOT NULL COMMENT '创建时间',
  PRIMARY KEY (`id`) USING BTREE
) ENGINE = InnoDB AUTO_INCREMENT = 100 CHARACTER SET = utf8 COLLATE = utf8_general_ci COMMENT = '文章类别表' ROW_FORMAT = Dynamic;

-- ----------------------------
-- Records of blog_category
-- ----------------------------
INSERT INTO `blog_category` VALUES (1, '前端', '/category/front.png', NULL, '2018-07-06 14:50:52');
INSERT INTO `blog_category` VALUES (2, '后端', '/category/back.png', NULL, '2018-07-06 14:50:52');
INSERT INTO `blog_category` VALUES (3, '生活', '/category/lift.jpg', NULL, '2018-07-06 14:50:52');
INSERT INTO `blog_category` VALUES (4, '数据库', '/category/database.png', NULL, '2018-07-06 14:50:52');
INSERT INTO `blog_category` VALUES (5, '编程语言', '/category/language.png', NULL, '2018-07-06 14:50:52');

-- ----------------------------
-- Table structure for blog_comment
-- ----------------------------
DROP TABLE IF EXISTS `blog_comment`;
CREATE TABLE `blog_comment`  (
  `id` bigint(0) NOT NULL AUTO_INCREMENT COMMENT '主键ID',
  `user_id` bigint(0) NULL DEFAULT NULL COMMENT '用户ID',
  `article_id` bigint(0) NULL DEFAULT NULL COMMENT '文章ID',
  `content` varchar(255) CHARACTER SET utf8 COLLATE utf8_general_ci NULL DEFAULT NULL COMMENT '评论内容',
  `parent_id` bigint(0) NULL DEFAULT NULL COMMENT '父评论Id',
  `to_uid` bigint(0) NULL DEFAULT NULL COMMENT '评论的评论用户ID',
  `level_flag` varchar(10) CHARACTER SET utf8 COLLATE utf8_general_ci NULL DEFAULT NULL COMMENT '评论级别',
  `create_time` datetime(0) NOT NULL COMMENT '创建时间',
  `update_time` datetime(0) NOT NULL COMMENT '更新时间',
  PRIMARY KEY (`id`) USING BTREE
) ENGINE = InnoDB AUTO_INCREMENT = 100 CHARACTER SET = utf8 COLLATE = utf8_general_ci COMMENT = '评论表' ROW_FORMAT = Dynamic;

-- ----------------------------
-- Table structure for blog_tag
-- ----------------------------
DROP TABLE IF EXISTS `blog_tag`;
CREATE TABLE `blog_tag`  (
  `id` int(0) NOT NULL AUTO_INCREMENT COMMENT '主键ID',
  `tag_name` varchar(64) CHARACTER SET utf8 COLLATE utf8_general_ci NULL DEFAULT NULL COMMENT '标签名字',
  `avatar` varchar(255) CHARACTER SET utf8 COLLATE utf8_general_ci NULL DEFAULT NULL COMMENT '标签图标',
  `create_time` datetime(0) NOT NULL COMMENT '创建时间',
  PRIMARY KEY (`id`) USING BTREE
) ENGINE = InnoDB AUTO_INCREMENT = 100 CHARACTER SET = utf8 COLLATE = utf8_general_ci COMMENT = '标签表' ROW_FORMAT = Dynamic;

-- ----------------------------
-- Records of blog_tag
-- ----------------------------
INSERT INTO `blog_tag` VALUES (1, 'Java', '/tag/java.png', '2018-07-06 14:40:41');
INSERT INTO `blog_tag` VALUES (2, 'Spring', '/tag/spring.png', '2018-07-06 14:46:55');
INSERT INTO `blog_tag` VALUES (3, 'Hibernate', '/tag/hibernate.svg', '2018-07-06 14:46:55');
INSERT INTO `blog_tag` VALUES (4, 'Maven', '/tag/maven.png', '2018-07-06 14:46:55');
INSERT INTO `blog_tag` VALUES (5, 'Html', '/tag/html.png', '2018-07-06 14:46:55');
INSERT INTO `blog_tag` VALUES (6, 'JavaScript', '/tag/js.png', '2018-07-06 14:46:55');
INSERT INTO `blog_tag` VALUES (7, 'Vue', '/tag/vue.png', '2018-07-06 14:46:55');
INSERT INTO `blog_tag` VALUES (8, 'Css', '/tag/css.png', '2018-07-06 14:46:55');

-- ----------------------------
-- Table structure for gen_table
-- ----------------------------
DROP TABLE IF EXISTS `gen_table`;
CREATE TABLE `gen_table`  (
  `table_id` bigint(0) NOT NULL AUTO_INCREMENT COMMENT '编号',
  `table_name` varchar(200) CHARACTER SET utf8mb4 COLLATE utf8mb4_0900_ai_ci NULL DEFAULT '' COMMENT '表名称',
  `table_comment` varchar(500) CHARACTER SET utf8mb4 COLLATE utf8mb4_0900_ai_ci NULL DEFAULT '' COMMENT '表描述',
  `class_name` varchar(100) CHARACTER SET utf8mb4 COLLATE utf8mb4_0900_ai_ci NULL DEFAULT '' COMMENT '实体类名称',
  `tpl_category` varchar(200) CHARACTER SET utf8mb4 COLLATE utf8mb4_0900_ai_ci NULL DEFAULT 'crud' COMMENT '使用的模板（crud单表操作 tree树表操作）',
  `package_name` varchar(100) CHARACTER SET utf8mb4 COLLATE utf8mb4_0900_ai_ci NULL DEFAULT NULL COMMENT '生成包路径',
  `module_name` varchar(30) CHARACTER SET utf8mb4 COLLATE utf8mb4_0900_ai_ci NULL DEFAULT NULL COMMENT '生成模块名',
  `business_name` varchar(30) CHARACTER SET utf8mb4 COLLATE utf8mb4_0900_ai_ci NULL DEFAULT NULL COMMENT '生成业务名',
  `function_name` varchar(50) CHARACTER SET utf8mb4 COLLATE utf8mb4_0900_ai_ci NULL DEFAULT NULL COMMENT '生成功能名',
  `function_author` varchar(50) CHARACTER SET utf8mb4 COLLATE utf8mb4_0900_ai_ci NULL DEFAULT NULL COMMENT '生成功能作者',
  `options` varchar(1000) CHARACTER SET utf8mb4 COLLATE utf8mb4_0900_ai_ci NULL DEFAULT NULL COMMENT '其它生成选项',
  `create_by` varchar(64) CHARACTER SET utf8mb4 COLLATE utf8mb4_0900_ai_ci NULL DEFAULT '' COMMENT '创建者',
  `create_time` datetime(0) NULL DEFAULT NULL COMMENT '创建时间',
  `update_by` varchar(64) CHARACTER SET utf8mb4 COLLATE utf8mb4_0900_ai_ci NULL DEFAULT '' COMMENT '更新者',
  `update_time` datetime(0) NULL DEFAULT NULL COMMENT '更新时间',
  `remark` varchar(500) CHARACTER SET utf8mb4 COLLATE utf8mb4_0900_ai_ci NULL DEFAULT NULL COMMENT '备注',
  PRIMARY KEY (`table_id`) USING BTREE
) ENGINE = InnoDB AUTO_INCREMENT = 2 CHARACTER SET = utf8mb4 COLLATE = utf8mb4_0900_ai_ci COMMENT = '代码生成业务表' ROW_FORMAT = Dynamic;

-- ----------------------------
-- Records of gen_table
-- ----------------------------
INSERT INTO `gen_table` VALUES (2, 'sys_dept', '部门表', 'SysDept', 'crud', 'com.weiframework.project.system', 'system', 'dept', '部门', 'ghc', NULL, 'admin', '2020-04-21 01:47:42', '', NULL, NULL);

-- ----------------------------
-- Table structure for gen_table_column
-- ----------------------------
DROP TABLE IF EXISTS `gen_table_column`;
CREATE TABLE `gen_table_column`  (
  `column_id` bigint(0) NOT NULL AUTO_INCREMENT COMMENT '编号',
  `table_id` varchar(64) CHARACTER SET utf8mb4 COLLATE utf8mb4_0900_ai_ci NULL DEFAULT NULL COMMENT '归属表编号',
  `column_name` varchar(200) CHARACTER SET utf8mb4 COLLATE utf8mb4_0900_ai_ci NULL DEFAULT NULL COMMENT '列名称',
  `column_comment` varchar(500) CHARACTER SET utf8mb4 COLLATE utf8mb4_0900_ai_ci NULL DEFAULT NULL COMMENT '列描述',
  `column_type` varchar(100) CHARACTER SET utf8mb4 COLLATE utf8mb4_0900_ai_ci NULL DEFAULT NULL COMMENT '列类型',
  `java_type` varchar(500) CHARACTER SET utf8mb4 COLLATE utf8mb4_0900_ai_ci NULL DEFAULT NULL COMMENT 'JAVA类型',
  `java_field` varchar(200) CHARACTER SET utf8mb4 COLLATE utf8mb4_0900_ai_ci NULL DEFAULT NULL COMMENT 'JAVA字段名',
  `is_pk` char(1) CHARACTER SET utf8mb4 COLLATE utf8mb4_0900_ai_ci NULL DEFAULT NULL COMMENT '是否主键（1是）',
  `is_increment` char(1) CHARACTER SET utf8mb4 COLLATE utf8mb4_0900_ai_ci NULL DEFAULT NULL COMMENT '是否自增（1是）',
  `is_required` char(1) CHARACTER SET utf8mb4 COLLATE utf8mb4_0900_ai_ci NULL DEFAULT NULL COMMENT '是否必填（1是）',
  `is_insert` char(1) CHARACTER SET utf8mb4 COLLATE utf8mb4_0900_ai_ci NULL DEFAULT NULL COMMENT '是否为插入字段（1是）',
  `is_edit` char(1) CHARACTER SET utf8mb4 COLLATE utf8mb4_0900_ai_ci NULL DEFAULT NULL COMMENT '是否编辑字段（1是）',
  `is_list` char(1) CHARACTER SET utf8mb4 COLLATE utf8mb4_0900_ai_ci NULL DEFAULT NULL COMMENT '是否列表字段（1是）',
  `is_query` char(1) CHARACTER SET utf8mb4 COLLATE utf8mb4_0900_ai_ci NULL DEFAULT NULL COMMENT '是否查询字段（1是）',
  `query_type` varchar(200) CHARACTER SET utf8mb4 COLLATE utf8mb4_0900_ai_ci NULL DEFAULT 'EQ' COMMENT '查询方式（等于、不等于、大于、小于、范围）',
  `html_type` varchar(200) CHARACTER SET utf8mb4 COLLATE utf8mb4_0900_ai_ci NULL DEFAULT NULL COMMENT '显示类型（文本框、文本域、下拉框、复选框、单选框、日期控件）',
  `dict_type` varchar(200) CHARACTER SET utf8mb4 COLLATE utf8mb4_0900_ai_ci NULL DEFAULT '' COMMENT '字典类型',
  `sort` int(0) NULL DEFAULT NULL COMMENT '排序',
  `create_by` varchar(64) CHARACTER SET utf8mb4 COLLATE utf8mb4_0900_ai_ci NULL DEFAULT '' COMMENT '创建者',
  `create_time` datetime(0) NULL DEFAULT NULL COMMENT '创建时间',
  `update_by` varchar(64) CHARACTER SET utf8mb4 COLLATE utf8mb4_0900_ai_ci NULL DEFAULT '' COMMENT '更新者',
  `update_time` datetime(0) NULL DEFAULT NULL COMMENT '更新时间',
  PRIMARY KEY (`column_id`) USING BTREE
) ENGINE = InnoDB AUTO_INCREMENT = 24 CHARACTER SET = utf8mb4 COLLATE = utf8mb4_0900_ai_ci COMMENT = '代码生成业务表字段' ROW_FORMAT = Dynamic;

-- ----------------------------
-- Records of gen_table_column
-- ----------------------------
INSERT INTO `gen_table_column` VALUES (11, '2', 'dept_id', '部门id', 'bigint', 'Long', 'deptId', '1', '1', NULL, '1', NULL, NULL, NULL, 'EQ', 'input', '', 1, 'admin', '2020-04-21 01:47:42', '', NULL);
INSERT INTO `gen_table_column` VALUES (12, '2', 'parent_id', '父部门id', 'bigint', 'Long', 'parentId', '0', '0', NULL, '1', '1', '1', '1', 'EQ', 'input', '', 2, 'admin', '2020-04-21 01:47:42', '', NULL);
INSERT INTO `gen_table_column` VALUES (13, '2', 'ancestors', '祖级列表', 'varchar(50)', 'String', 'ancestors', '0', '0', NULL, '1', '1', '1', '1', 'EQ', 'input', '', 3, 'admin', '2020-04-21 01:47:42', '', NULL);
INSERT INTO `gen_table_column` VALUES (14, '2', 'dept_name', '部门名称', 'varchar(30)', 'String', 'deptName', '0', '0', NULL, '1', '1', '1', '1', 'LIKE', 'input', '', 4, 'admin', '2020-04-21 01:47:42', '', NULL);
INSERT INTO `gen_table_column` VALUES (15, '2', 'order_num', '显示顺序', 'int', 'Long', 'orderNum', '0', '0', NULL, '1', '1', '1', '1', 'EQ', 'input', '', 5, 'admin', '2020-04-21 01:47:42', '', NULL);
INSERT INTO `gen_table_column` VALUES (16, '2', 'leader', '负责人', 'varchar(20)', 'String', 'leader', '0', '0', NULL, '1', '1', '1', '1', 'EQ', 'input', '', 6, 'admin', '2020-04-21 01:47:42', '', NULL);
INSERT INTO `gen_table_column` VALUES (17, '2', 'phone', '联系电话', 'varchar(11)', 'String', 'phone', '0', '0', NULL, '1', '1', '1', '1', 'EQ', 'input', '', 7, 'admin', '2020-04-21 01:47:42', '', NULL);
INSERT INTO `gen_table_column` VALUES (18, '2', 'email', '邮箱', 'varchar(50)', 'String', 'email', '0', '0', NULL, '1', '1', '1', '1', 'EQ', 'input', '', 8, 'admin', '2020-04-21 01:47:42', '', NULL);
INSERT INTO `gen_table_column` VALUES (19, '2', 'status', '部门状态（0正常 1停用）', 'char(1)', 'String', 'status', '0', '0', NULL, '1', '1', '1', '1', 'EQ', 'radio', '', 9, 'admin', '2020-04-21 01:47:42', '', NULL);
INSERT INTO `gen_table_column` VALUES (20, '2', 'del_flag', '删除标志（0代表存在 2代表删除）', 'char(1)', 'String', 'delFlag', '0', '0', NULL, '1', NULL, NULL, NULL, 'EQ', 'input', '', 10, 'admin', '2020-04-21 01:47:42', '', NULL);
INSERT INTO `gen_table_column` VALUES (21, '2', 'create_by', '创建者', 'varchar(64)', 'String', 'createBy', '0', '0', NULL, '1', NULL, NULL, NULL, 'EQ', 'input', '', 11, 'admin', '2020-04-21 01:47:42', '', NULL);
INSERT INTO `gen_table_column` VALUES (22, '2', 'create_time', '创建时间', 'datetime', 'Date', 'createTime', '0', '0', NULL, '1', NULL, NULL, NULL, 'EQ', 'datetime', '', 12, 'admin', '2020-04-21 01:47:42', '', NULL);
INSERT INTO `gen_table_column` VALUES (23, '2', 'update_by', '更新者', 'varchar(64)', 'String', 'updateBy', '0', '0', NULL, '1', '1', NULL, NULL, 'EQ', 'input', '', 13, 'admin', '2020-04-21 01:47:42', '', NULL);
INSERT INTO `gen_table_column` VALUES (24, '2', 'update_time', '更新时间', 'datetime', 'Date', 'updateTime', '0', '0', NULL, '1', '1', NULL, NULL, 'EQ', 'datetime', '', 14, 'admin', '2020-04-21 01:47:42', '', NULL);

-- ----------------------------
-- Table structure for sys_config
-- ----------------------------
DROP TABLE IF EXISTS `sys_config`;
CREATE TABLE `sys_config`  (
  `config_id` int(0) NOT NULL AUTO_INCREMENT COMMENT '参数主键',
  `config_name` varchar(100) CHARACTER SET utf8mb4 COLLATE utf8mb4_0900_ai_ci NULL DEFAULT '' COMMENT '参数名称',
  `config_key` varchar(100) CHARACTER SET utf8mb4 COLLATE utf8mb4_0900_ai_ci NULL DEFAULT '' COMMENT '参数键名',
  `config_value` varchar(500) CHARACTER SET utf8mb4 COLLATE utf8mb4_0900_ai_ci NULL DEFAULT '' COMMENT '参数键值',
  `config_type` char(1) CHARACTER SET utf8mb4 COLLATE utf8mb4_0900_ai_ci NULL DEFAULT 'N' COMMENT '系统内置（Y是 N否）',
  `create_by` varchar(64) CHARACTER SET utf8mb4 COLLATE utf8mb4_0900_ai_ci NULL DEFAULT '' COMMENT '创建者',
  `create_time` datetime(0) NULL DEFAULT NULL COMMENT '创建时间',
  `update_by` varchar(64) CHARACTER SET utf8mb4 COLLATE utf8mb4_0900_ai_ci NULL DEFAULT '' COMMENT '更新者',
  `update_time` datetime(0) NULL DEFAULT NULL COMMENT '更新时间',
  `remark` varchar(500) CHARACTER SET utf8mb4 COLLATE utf8mb4_0900_ai_ci NULL DEFAULT NULL COMMENT '备注',
  PRIMARY KEY (`config_id`) USING BTREE
) ENGINE = InnoDB AUTO_INCREMENT = 3 CHARACTER SET = utf8mb4 COLLATE = utf8mb4_0900_ai_ci COMMENT = '参数配置表' ROW_FORMAT = Dynamic;

-- ----------------------------
-- Records of sys_config
-- ----------------------------
INSERT INTO `sys_config` VALUES (1, '主框架页-默认皮肤样式名称', 'sys.index.skinName', 'skin-blue', 'Y', 'admin', '2018-03-16 11:33:00', 'ry', '2018-03-16 11:33:00', '蓝色 skin-blue、绿色 skin-green、紫色 skin-purple、红色 skin-red、黄色 skin-yellow');
INSERT INTO `sys_config` VALUES (2, '用户管理-账号初始密码', 'sys.user.initPassword', '123456', 'Y', 'admin', '2018-03-16 11:33:00', 'ry', '2018-03-16 11:33:00', '初始化密码 123456');
INSERT INTO `sys_config` VALUES (3, '主框架页-侧边栏主题', 'sys.index.sideTheme', 'theme-dark', 'Y', 'admin', '2018-03-16 11:33:00', 'ry', '2018-03-16 11:33:00', '深色主题theme-dark，浅色主题theme-light');

-- ----------------------------
-- Table structure for sys_dept
-- ----------------------------
DROP TABLE IF EXISTS `sys_dept`;
CREATE TABLE `sys_dept`  (
  `dept_id` bigint(0) NOT NULL AUTO_INCREMENT COMMENT '部门id',
  `parent_id` bigint(0) NULL DEFAULT 0 COMMENT '父部门id',
  `ancestors` varchar(50) CHARACTER SET utf8mb4 COLLATE utf8mb4_0900_ai_ci NULL DEFAULT '' COMMENT '祖级列表',
  `dept_name` varchar(30) CHARACTER SET utf8mb4 COLLATE utf8mb4_0900_ai_ci NULL DEFAULT '' COMMENT '部门名称',
  `order_num` int(0) NULL DEFAULT 0 COMMENT '显示顺序',
  `leader` varchar(20) CHARACTER SET utf8mb4 COLLATE utf8mb4_0900_ai_ci NULL DEFAULT NULL COMMENT '负责人',
  `phone` varchar(11) CHARACTER SET utf8mb4 COLLATE utf8mb4_0900_ai_ci NULL DEFAULT NULL COMMENT '联系电话',
  `email` varchar(50) CHARACTER SET utf8mb4 COLLATE utf8mb4_0900_ai_ci NULL DEFAULT NULL COMMENT '邮箱',
  `status` char(1) CHARACTER SET utf8mb4 COLLATE utf8mb4_0900_ai_ci NULL DEFAULT '0' COMMENT '部门状态（0正常 1停用）',
  `del_flag` char(1) CHARACTER SET utf8mb4 COLLATE utf8mb4_0900_ai_ci NULL DEFAULT '0' COMMENT '删除标志（0代表存在 2代表删除）',
  `create_by` varchar(64) CHARACTER SET utf8mb4 COLLATE utf8mb4_0900_ai_ci NULL DEFAULT '' COMMENT '创建者',
  `create_time` datetime(0) NULL DEFAULT NULL COMMENT '创建时间',
  `update_by` varchar(64) CHARACTER SET utf8mb4 COLLATE utf8mb4_0900_ai_ci NULL DEFAULT '' COMMENT '更新者',
  `update_time` datetime(0) NULL DEFAULT NULL COMMENT '更新时间',
  PRIMARY KEY (`dept_id`) USING BTREE
) ENGINE = InnoDB AUTO_INCREMENT = 200 CHARACTER SET = utf8mb4 COLLATE = utf8mb4_0900_ai_ci COMMENT = '部门表' ROW_FORMAT = Dynamic;

-- ----------------------------
-- Records of sys_dept
-- ----------------------------
INSERT INTO `sys_dept` VALUES (100, 0, '0', '金特尔科技', 0, '金特尔', '15888888888', 'ry@qq.com', '0', '0', 'admin', '2018-03-16 11:33:00', 'ry', '2018-03-16 11:33:00');
INSERT INTO `sys_dept` VALUES (101, 100, '0,100', '深圳总公司', 1, '金特尔', '15888888888', 'ry@qq.com', '0', '0', 'admin', '2018-03-16 11:33:00', 'ry', '2018-03-16 11:33:00');
INSERT INTO `sys_dept` VALUES (102, 100, '0,100', '长沙分公司', 2, '金特尔', '15888888888', 'ry@qq.com', '0', '0', 'admin', '2018-03-16 11:33:00', 'ry', '2018-03-16 11:33:00');
INSERT INTO `sys_dept` VALUES (103, 101, '0,100,101', '研发部门', 1, '金特尔', '15888888888', 'ry@qq.com', '0', '0', 'admin', '2018-03-16 11:33:00', 'ry', '2018-03-16 11:33:00');
INSERT INTO `sys_dept` VALUES (104, 101, '0,100,101', '市场部门', 2, '金特尔', '15888888888', 'ry@qq.com', '0', '0', 'admin', '2018-03-16 11:33:00', 'ry', '2018-03-16 11:33:00');
INSERT INTO `sys_dept` VALUES (105, 101, '0,100,101', '测试部门', 3, '金特尔', '15888888888', 'ry@qq.com', '0', '0', 'admin', '2018-03-16 11:33:00', 'ry', '2018-03-16 11:33:00');
INSERT INTO `sys_dept` VALUES (106, 101, '0,100,101', '财务部门', 4, '金特尔', '15888888888', 'ry@qq.com', '0', '0', 'admin', '2018-03-16 11:33:00', 'ry', '2018-03-16 11:33:00');
INSERT INTO `sys_dept` VALUES (107, 101, '0,100,101', '运维部门', 5, '金特尔', '15888888888', 'ry@qq.com', '0', '0', 'admin', '2018-03-16 11:33:00', 'ry', '2018-03-16 11:33:00');
INSERT INTO `sys_dept` VALUES (108, 102, '0,100,102', '市场部门', 1, '金特尔', '15888888888', 'ry@qq.com', '0', '0', 'admin', '2018-03-16 11:33:00', 'ry', '2018-03-16 11:33:00');
INSERT INTO `sys_dept` VALUES (109, 102, '0,100,102', '财务部门', 2, '金特尔', '15888888888', 'ry@qq.com', '0', '0', 'admin', '2018-03-16 11:33:00', 'ry', '2018-03-16 11:33:00');

-- ----------------------------
-- Table structure for sys_dict_data
-- ----------------------------
DROP TABLE IF EXISTS `sys_dict_data`;
CREATE TABLE `sys_dict_data`  (
  `dict_code` bigint(0) NOT NULL AUTO_INCREMENT COMMENT '字典编码',
  `dict_sort` int(0) NULL DEFAULT 0 COMMENT '字典排序',
  `dict_label` varchar(100) CHARACTER SET utf8mb4 COLLATE utf8mb4_0900_ai_ci NULL DEFAULT '' COMMENT '字典标签',
  `dict_value` varchar(100) CHARACTER SET utf8mb4 COLLATE utf8mb4_0900_ai_ci NULL DEFAULT '' COMMENT '字典键值',
  `dict_type` varchar(100) CHARACTER SET utf8mb4 COLLATE utf8mb4_0900_ai_ci NULL DEFAULT '' COMMENT '字典类型',
  `css_class` varchar(100) CHARACTER SET utf8mb4 COLLATE utf8mb4_0900_ai_ci NULL DEFAULT NULL COMMENT '样式属性（其他样式扩展）',
  `list_class` varchar(100) CHARACTER SET utf8mb4 COLLATE utf8mb4_0900_ai_ci NULL DEFAULT NULL COMMENT '表格回显样式',
  `is_default` char(1) CHARACTER SET utf8mb4 COLLATE utf8mb4_0900_ai_ci NULL DEFAULT 'N' COMMENT '是否默认（Y是 N否）',
  `status` char(1) CHARACTER SET utf8mb4 COLLATE utf8mb4_0900_ai_ci NULL DEFAULT '0' COMMENT '状态（0正常 1停用）',
  `create_by` varchar(64) CHARACTER SET utf8mb4 COLLATE utf8mb4_0900_ai_ci NULL DEFAULT '' COMMENT '创建者',
  `create_time` datetime(0) NULL DEFAULT NULL COMMENT '创建时间',
  `update_by` varchar(64) CHARACTER SET utf8mb4 COLLATE utf8mb4_0900_ai_ci NULL DEFAULT '' COMMENT '更新者',
  `update_time` datetime(0) NULL DEFAULT NULL COMMENT '更新时间',
  `remark` varchar(500) CHARACTER SET utf8mb4 COLLATE utf8mb4_0900_ai_ci NULL DEFAULT NULL COMMENT '备注',
  PRIMARY KEY (`dict_code`) USING BTREE
) ENGINE = InnoDB AUTO_INCREMENT = 28 CHARACTER SET = utf8mb4 COLLATE = utf8mb4_0900_ai_ci COMMENT = '字典数据表' ROW_FORMAT = Dynamic;

-- ----------------------------
-- Records of sys_dict_data
-- ----------------------------
INSERT INTO `sys_dict_data` VALUES (1, 1, '男', '0', 'sys_user_sex', '', '', 'Y', '0', 'admin', '2018-03-16 11:33:00', 'ry', '2018-03-16 11:33:00', '性别男');
INSERT INTO `sys_dict_data` VALUES (2, 2, '女', '1', 'sys_user_sex', '', '', 'N', '0', 'admin', '2018-03-16 11:33:00', 'ry', '2018-03-16 11:33:00', '性别女');
INSERT INTO `sys_dict_data` VALUES (3, 3, '未知', '2', 'sys_user_sex', '', '', 'N', '0', 'admin', '2018-03-16 11:33:00', 'ry', '2018-03-16 11:33:00', '性别未知');
INSERT INTO `sys_dict_data` VALUES (4, 1, '显示', '0', 'sys_show_hide', '', 'primary', 'Y', '0', 'admin', '2018-03-16 11:33:00', 'ry', '2018-03-16 11:33:00', '显示菜单');
INSERT INTO `sys_dict_data` VALUES (5, 2, '隐藏', '1', 'sys_show_hide', '', 'danger', 'N', '0', 'admin', '2018-03-16 11:33:00', 'ry', '2018-03-16 11:33:00', '隐藏菜单');
INSERT INTO `sys_dict_data` VALUES (6, 1, '正常', '0', 'sys_normal_disable', '', 'primary', 'Y', '0', 'admin', '2018-03-16 11:33:00', 'ry', '2018-03-16 11:33:00', '正常状态');
INSERT INTO `sys_dict_data` VALUES (7, 2, '停用', '1', 'sys_normal_disable', '', 'danger', 'N', '0', 'admin', '2018-03-16 11:33:00', 'ry', '2018-03-16 11:33:00', '停用状态');
INSERT INTO `sys_dict_data` VALUES (8, 1, '正常', '0', 'sys_job_status', '', 'primary', 'Y', '0', 'admin', '2018-03-16 11:33:00', 'ry', '2018-03-16 11:33:00', '正常状态');
INSERT INTO `sys_dict_data` VALUES (9, 2, '暂停', '1', 'sys_job_status', '', 'danger', 'N', '0', 'admin', '2018-03-16 11:33:00', 'ry', '2018-03-16 11:33:00', '停用状态');
INSERT INTO `sys_dict_data` VALUES (10, 1, '默认', 'DEFAULT', 'sys_job_group', '', '', 'Y', '0', 'admin', '2018-03-16 11:33:00', 'ry', '2018-03-16 11:33:00', '默认分组');
INSERT INTO `sys_dict_data` VALUES (11, 2, '系统', 'SYSTEM', 'sys_job_group', '', '', 'N', '0', 'admin', '2018-03-16 11:33:00', 'ry', '2018-03-16 11:33:00', '系统分组');
INSERT INTO `sys_dict_data` VALUES (12, 1, '是', 'Y', 'sys_yes_no', '', 'primary', 'Y', '0', 'admin', '2018-03-16 11:33:00', 'ry', '2018-03-16 11:33:00', '系统默认是');
INSERT INTO `sys_dict_data` VALUES (13, 2, '否', 'N', 'sys_yes_no', '', 'danger', 'N', '0', 'admin', '2018-03-16 11:33:00', 'ry', '2018-03-16 11:33:00', '系统默认否');
INSERT INTO `sys_dict_data` VALUES (14, 1, '通知', '1', 'sys_notice_type', '', 'warning', 'Y', '0', 'admin', '2018-03-16 11:33:00', 'ry', '2018-03-16 11:33:00', '通知');
INSERT INTO `sys_dict_data` VALUES (15, 2, '公告', '2', 'sys_notice_type', '', 'success', 'N', '0', 'admin', '2018-03-16 11:33:00', 'ry', '2018-03-16 11:33:00', '公告');
INSERT INTO `sys_dict_data` VALUES (16, 1, '正常', '0', 'sys_notice_status', '', 'primary', 'Y', '0', 'admin', '2018-03-16 11:33:00', 'ry', '2018-03-16 11:33:00', '正常状态');
INSERT INTO `sys_dict_data` VALUES (17, 2, '关闭', '1', 'sys_notice_status', '', 'danger', 'N', '0', 'admin', '2018-03-16 11:33:00', 'ry', '2018-03-16 11:33:00', '关闭状态');
INSERT INTO `sys_dict_data` VALUES (18, 1, '新增', '1', 'sys_oper_type', '', 'info', 'N', '0', 'admin', '2018-03-16 11:33:00', 'ry', '2018-03-16 11:33:00', '新增操作');
INSERT INTO `sys_dict_data` VALUES (19, 2, '修改', '2', 'sys_oper_type', '', 'info', 'N', '0', 'admin', '2018-03-16 11:33:00', 'ry', '2018-03-16 11:33:00', '修改操作');
INSERT INTO `sys_dict_data` VALUES (20, 3, '删除', '3', 'sys_oper_type', '', 'danger', 'N', '0', 'admin', '2018-03-16 11:33:00', 'ry', '2018-03-16 11:33:00', '删除操作');
INSERT INTO `sys_dict_data` VALUES (21, 4, '授权', '4', 'sys_oper_type', '', 'primary', 'N', '0', 'admin', '2018-03-16 11:33:00', 'ry', '2018-03-16 11:33:00', '授权操作');
INSERT INTO `sys_dict_data` VALUES (22, 5, '导出', '5', 'sys_oper_type', '', 'warning', 'N', '0', 'admin', '2018-03-16 11:33:00', 'ry', '2018-03-16 11:33:00', '导出操作');
INSERT INTO `sys_dict_data` VALUES (23, 6, '导入', '6', 'sys_oper_type', '', 'warning', 'N', '0', 'admin', '2018-03-16 11:33:00', 'ry', '2018-03-16 11:33:00', '导入操作');
INSERT INTO `sys_dict_data` VALUES (24, 7, '强退', '7', 'sys_oper_type', '', 'danger', 'N', '0', 'admin', '2018-03-16 11:33:00', 'ry', '2018-03-16 11:33:00', '强退操作');
INSERT INTO `sys_dict_data` VALUES (25, 8, '生成代码', '8', 'sys_oper_type', '', 'warning', 'N', '0', 'admin', '2018-03-16 11:33:00', 'ry', '2018-03-16 11:33:00', '生成操作');
INSERT INTO `sys_dict_data` VALUES (26, 9, '清空数据', '9', 'sys_oper_type', '', 'danger', 'N', '0', 'admin', '2018-03-16 11:33:00', 'ry', '2018-03-16 11:33:00', '清空操作');
INSERT INTO `sys_dict_data` VALUES (27, 1, '成功', '0', 'sys_common_status', '', 'primary', 'N', '0', 'admin', '2018-03-16 11:33:00', 'ry', '2018-03-16 11:33:00', '正常状态');
INSERT INTO `sys_dict_data` VALUES (28, 2, '失败', '1', 'sys_common_status', '', 'danger', 'N', '0', 'admin', '2018-03-16 11:33:00', 'ry', '2018-03-16 11:33:00', '停用状态');

-- ----------------------------
-- Table structure for sys_dict_type
-- ----------------------------
DROP TABLE IF EXISTS `sys_dict_type`;
CREATE TABLE `sys_dict_type`  (
  `dict_id` bigint(0) NOT NULL AUTO_INCREMENT COMMENT '字典主键',
  `dict_name` varchar(100) CHARACTER SET utf8mb4 COLLATE utf8mb4_0900_ai_ci NULL DEFAULT '' COMMENT '字典名称',
  `dict_type` varchar(100) CHARACTER SET utf8mb4 COLLATE utf8mb4_0900_ai_ci NULL DEFAULT '' COMMENT '字典类型',
  `status` char(1) CHARACTER SET utf8mb4 COLLATE utf8mb4_0900_ai_ci NULL DEFAULT '0' COMMENT '状态（0正常 1停用）',
  `create_by` varchar(64) CHARACTER SET utf8mb4 COLLATE utf8mb4_0900_ai_ci NULL DEFAULT '' COMMENT '创建者',
  `create_time` datetime(0) NULL DEFAULT NULL COMMENT '创建时间',
  `update_by` varchar(64) CHARACTER SET utf8mb4 COLLATE utf8mb4_0900_ai_ci NULL DEFAULT '' COMMENT '更新者',
  `update_time` datetime(0) NULL DEFAULT NULL COMMENT '更新时间',
  `remark` varchar(500) CHARACTER SET utf8mb4 COLLATE utf8mb4_0900_ai_ci NULL DEFAULT NULL COMMENT '备注',
  PRIMARY KEY (`dict_id`) USING BTREE,
  UNIQUE INDEX `dict_type`(`dict_type`) USING BTREE
) ENGINE = InnoDB AUTO_INCREMENT = 10 CHARACTER SET = utf8mb4 COLLATE = utf8mb4_0900_ai_ci COMMENT = '字典类型表' ROW_FORMAT = Dynamic;

-- ----------------------------
-- Records of sys_dict_type
-- ----------------------------
INSERT INTO `sys_dict_type` VALUES (1, '用户性别', 'sys_user_sex', '0', 'admin', '2018-03-16 11:33:00', 'ry', '2018-03-16 11:33:00', '用户性别列表');
INSERT INTO `sys_dict_type` VALUES (2, '菜单状态', 'sys_show_hide', '0', 'admin', '2018-03-16 11:33:00', 'ry', '2018-03-16 11:33:00', '菜单状态列表');
INSERT INTO `sys_dict_type` VALUES (3, '系统开关', 'sys_normal_disable', '0', 'admin', '2018-03-16 11:33:00', 'ry', '2018-03-16 11:33:00', '系统开关列表');
INSERT INTO `sys_dict_type` VALUES (4, '任务状态', 'sys_job_status', '0', 'admin', '2018-03-16 11:33:00', 'ry', '2018-03-16 11:33:00', '任务状态列表');
INSERT INTO `sys_dict_type` VALUES (5, '任务分组', 'sys_job_group', '0', 'admin', '2018-03-16 11:33:00', 'ry', '2018-03-16 11:33:00', '任务分组列表');
INSERT INTO `sys_dict_type` VALUES (6, '系统是否', 'sys_yes_no', '0', 'admin', '2018-03-16 11:33:00', 'ry', '2018-03-16 11:33:00', '系统是否列表');
INSERT INTO `sys_dict_type` VALUES (7, '通知类型', 'sys_notice_type', '0', 'admin', '2018-03-16 11:33:00', 'ry', '2018-03-16 11:33:00', '通知类型列表');
INSERT INTO `sys_dict_type` VALUES (8, '通知状态', 'sys_notice_status', '0', 'admin', '2018-03-16 11:33:00', 'ry', '2018-03-16 11:33:00', '通知状态列表');
INSERT INTO `sys_dict_type` VALUES (9, '操作类型', 'sys_oper_type', '0', 'admin', '2018-03-16 11:33:00', 'ry', '2018-03-16 11:33:00', '操作类型列表');
INSERT INTO `sys_dict_type` VALUES (10, '系统状态', 'sys_common_status', '0', 'admin', '2018-03-16 11:33:00', 'ry', '2018-03-16 11:33:00', '登录状态列表');

-- ----------------------------
-- Table structure for sys_job
-- ----------------------------
DROP TABLE IF EXISTS `sys_job`;
CREATE TABLE `sys_job`  (
  `job_id` bigint(0) NOT NULL AUTO_INCREMENT COMMENT '任务ID',
  `job_name` varchar(64) CHARACTER SET utf8mb4 COLLATE utf8mb4_0900_ai_ci NOT NULL DEFAULT '' COMMENT '任务名称',
  `job_group` varchar(64) CHARACTER SET utf8mb4 COLLATE utf8mb4_0900_ai_ci NOT NULL DEFAULT 'DEFAULT' COMMENT '任务组名',
  `invoke_target` varchar(500) CHARACTER SET utf8mb4 COLLATE utf8mb4_0900_ai_ci NOT NULL COMMENT '调用目标字符串',
  `cron_expression` varchar(255) CHARACTER SET utf8mb4 COLLATE utf8mb4_0900_ai_ci NULL DEFAULT '' COMMENT 'cron执行表达式',
  `misfire_policy` varchar(20) CHARACTER SET utf8mb4 COLLATE utf8mb4_0900_ai_ci NULL DEFAULT '3' COMMENT '计划执行错误策略（1立即执行 2执行一次 3放弃执行）',
  `concurrent` char(1) CHARACTER SET utf8mb4 COLLATE utf8mb4_0900_ai_ci NULL DEFAULT '1' COMMENT '是否并发执行（0允许 1禁止）',
  `status` char(1) CHARACTER SET utf8mb4 COLLATE utf8mb4_0900_ai_ci NULL DEFAULT '0' COMMENT '状态（0正常 1暂停）',
  `create_by` varchar(64) CHARACTER SET utf8mb4 COLLATE utf8mb4_0900_ai_ci NULL DEFAULT '' COMMENT '创建者',
  `create_time` datetime(0) NULL DEFAULT NULL COMMENT '创建时间',
  `update_by` varchar(64) CHARACTER SET utf8mb4 COLLATE utf8mb4_0900_ai_ci NULL DEFAULT '' COMMENT '更新者',
  `update_time` datetime(0) NULL DEFAULT NULL COMMENT '更新时间',
  `remark` varchar(500) CHARACTER SET utf8mb4 COLLATE utf8mb4_0900_ai_ci NULL DEFAULT '' COMMENT '备注信息',
  PRIMARY KEY (`job_id`, `job_name`, `job_group`) USING BTREE
) ENGINE = InnoDB AUTO_INCREMENT = 100 CHARACTER SET = utf8mb4 COLLATE = utf8mb4_0900_ai_ci COMMENT = '定时任务调度表' ROW_FORMAT = Dynamic;

-- ----------------------------
-- Records of sys_job
-- ----------------------------
INSERT INTO `sys_job` VALUES (1, '系统默认（无参）', 'DEFAULT', 'ryTask.ryNoParams', '0/10 * * * * ?', '3', '1', '1', 'admin', '2018-03-16 11:33:00', 'ry', '2018-03-16 11:33:00', '');
INSERT INTO `sys_job` VALUES (2, '系统默认（有参）', 'DEFAULT', 'ryTask.ryParams(\'ry\')', '0/15 * * * * ?', '3', '1', '1', 'admin', '2018-03-16 11:33:00', 'ry', '2018-03-16 11:33:00', '');
INSERT INTO `sys_job` VALUES (3, '系统默认（多参）', 'DEFAULT', 'ryTask.ryMultipleParams(\'ry\', true, 2000L, 316.50D, 100)', '0/20 * * * * ?', '3', '1', '1', 'admin', '2018-03-16 11:33:00', 'ry', '2018-03-16 11:33:00', '');

-- ----------------------------
-- Table structure for sys_job_log
-- ----------------------------
DROP TABLE IF EXISTS `sys_job_log`;
CREATE TABLE `sys_job_log`  (
  `job_log_id` bigint(0) NOT NULL AUTO_INCREMENT COMMENT '任务日志ID',
  `job_name` varchar(64) CHARACTER SET utf8mb4 COLLATE utf8mb4_0900_ai_ci NOT NULL COMMENT '任务名称',
  `job_group` varchar(64) CHARACTER SET utf8mb4 COLLATE utf8mb4_0900_ai_ci NOT NULL COMMENT '任务组名',
  `invoke_target` varchar(500) CHARACTER SET utf8mb4 COLLATE utf8mb4_0900_ai_ci NOT NULL COMMENT '调用目标字符串',
  `job_message` varchar(500) CHARACTER SET utf8mb4 COLLATE utf8mb4_0900_ai_ci NULL DEFAULT NULL COMMENT '日志信息',
  `status` char(1) CHARACTER SET utf8mb4 COLLATE utf8mb4_0900_ai_ci NULL DEFAULT '0' COMMENT '执行状态（0正常 1失败）',
  `exception_info` varchar(2000) CHARACTER SET utf8mb4 COLLATE utf8mb4_0900_ai_ci NULL DEFAULT '' COMMENT '异常信息',
  `create_time` datetime(0) NULL DEFAULT NULL COMMENT '创建时间',
  PRIMARY KEY (`job_log_id`) USING BTREE
) ENGINE = InnoDB CHARACTER SET = utf8mb4 COLLATE = utf8mb4_0900_ai_ci COMMENT = '定时任务调度日志表' ROW_FORMAT = Dynamic;

-- ----------------------------
-- Table structure for sys_logininfor
-- ----------------------------
DROP TABLE IF EXISTS `sys_logininfor`;
CREATE TABLE `sys_logininfor`  (
  `info_id` bigint(0) NOT NULL AUTO_INCREMENT COMMENT '访问ID',
  `user_name` varchar(50) CHARACTER SET utf8mb4 COLLATE utf8mb4_0900_ai_ci NULL DEFAULT '' COMMENT '用户账号',
  `ipaddr` varchar(50) CHARACTER SET utf8mb4 COLLATE utf8mb4_0900_ai_ci NULL DEFAULT '' COMMENT '登录IP地址',
  `login_location` varchar(255) CHARACTER SET utf8mb4 COLLATE utf8mb4_0900_ai_ci NULL DEFAULT '' COMMENT '登录地点',
  `browser` varchar(50) CHARACTER SET utf8mb4 COLLATE utf8mb4_0900_ai_ci NULL DEFAULT '' COMMENT '浏览器类型',
  `os` varchar(50) CHARACTER SET utf8mb4 COLLATE utf8mb4_0900_ai_ci NULL DEFAULT '' COMMENT '操作系统',
  `status` char(1) CHARACTER SET utf8mb4 COLLATE utf8mb4_0900_ai_ci NULL DEFAULT '0' COMMENT '登录状态（0成功 1失败）',
  `msg` varchar(255) CHARACTER SET utf8mb4 COLLATE utf8mb4_0900_ai_ci NULL DEFAULT '' COMMENT '提示消息',
  `login_time` datetime(0) NULL DEFAULT NULL COMMENT '访问时间',
  PRIMARY KEY (`info_id`) USING BTREE
) ENGINE = InnoDB AUTO_INCREMENT = 158 CHARACTER SET = utf8mb4 COLLATE = utf8mb4_0900_ai_ci COMMENT = '系统访问记录' ROW_FORMAT = Dynamic;

-- ----------------------------
-- Records of sys_logininfor
-- ----------------------------
INSERT INTO `sys_logininfor` VALUES (100, 'admin', '127.0.0.1', '内网IP', 'Unknown', 'Unknown', '1', '用户不存在/密码错误', '2020-03-26 14:05:21');
INSERT INTO `sys_logininfor` VALUES (101, 'admin', '127.0.0.1', '内网IP', 'Unknown', 'Unknown', '1', '验证码已失效', '2020-03-26 14:06:19');
INSERT INTO `sys_logininfor` VALUES (102, 'admin', '127.0.0.1', '内网IP', 'Unknown', 'Unknown', '0', '登录成功', '2020-03-26 14:07:50');
INSERT INTO `sys_logininfor` VALUES (103, 'admin', '127.0.0.1', '内网IP', 'Chrome 8', 'Windows 10', '0', '登录成功', '2020-04-06 09:18:56');
INSERT INTO `sys_logininfor` VALUES (104, 'admin', '127.0.0.1', '内网IP', 'Chrome 8', 'Windows 10', '0', '退出成功', '2020-04-06 09:22:44');
INSERT INTO `sys_logininfor` VALUES (105, 'admin', '127.0.0.1', '内网IP', 'Chrome 8', 'Windows 10', '0', '登录成功', '2020-04-06 09:23:07');
INSERT INTO `sys_logininfor` VALUES (106, 'admin', '127.0.0.1', '内网IP', 'Unknown', 'Unknown', '1', '验证码已失效', '2020-04-06 14:03:55');
INSERT INTO `sys_logininfor` VALUES (107, 'admin', '127.0.0.1', '内网IP', 'Unknown', 'Unknown', '0', '登录成功', '2020-04-06 14:04:23');
INSERT INTO `sys_logininfor` VALUES (108, 'admin', '127.0.0.1', '内网IP', 'Chrome 8', 'Windows 10', '0', '登录成功', '2020-04-21 01:38:10');
INSERT INTO `sys_logininfor` VALUES (109, 'admin', '127.0.0.1', '内网IP', 'Chrome 8', 'Windows 10', '0', '退出成功', '2020-04-21 02:32:31');
INSERT INTO `sys_logininfor` VALUES (110, 'admin', '127.0.0.1', '内网IP', 'Chrome 8', 'Windows 10', '0', '登录成功', '2020-04-21 02:34:54');
INSERT INTO `sys_logininfor` VALUES (111, 'admin', '127.0.0.1', '内网IP', 'Chrome 8', 'Windows 10', '0', '退出成功', '2020-04-21 02:35:13');
INSERT INTO `sys_logininfor` VALUES (112, 'admin', '127.0.0.1', '内网IP', 'Chrome 8', 'Windows 10', '0', '登录成功', '2020-04-21 02:35:48');
INSERT INTO `sys_logininfor` VALUES (113, 'admin', '127.0.0.1', '内网IP', 'Chrome 8', 'Windows 10', '0', '登录成功', '2020-04-21 06:04:36');
INSERT INTO `sys_logininfor` VALUES (114, 'admin', '127.0.0.1', '内网IP', 'Chrome 8', 'Windows 10', '0', '登录成功', '2020-04-21 07:24:36');
INSERT INTO `sys_logininfor` VALUES (115, 'admin', '127.0.0.1', '内网IP', 'Chrome 8', 'Windows 10', '0', '登录成功', '2020-04-21 09:00:55');
INSERT INTO `sys_logininfor` VALUES (116, 'admin', '127.0.0.1', '内网IP', 'Chrome 8', 'Windows 10', '0', '登录成功', '2020-04-21 10:19:10');
INSERT INTO `sys_logininfor` VALUES (117, 'admin', '127.0.0.1', '内网IP', 'Chrome 8', 'Windows 10', '0', '登录成功', '2020-04-21 12:44:17');
INSERT INTO `sys_logininfor` VALUES (118, 'admin', '127.0.0.1', '内网IP', 'Chrome 8', 'Windows 10', '0', '登录成功', '2020-04-23 12:33:47');
INSERT INTO `sys_logininfor` VALUES (119, 'admin', '127.0.0.1', '内网IP', 'Unknown', 'Unknown', '0', '登录成功', '2020-05-05 09:04:52');
INSERT INTO `sys_logininfor` VALUES (120, 'admin', '127.0.0.1', '内网IP', 'Unknown', 'Unknown', '0', '登录成功', '2020-05-05 13:23:09');
INSERT INTO `sys_logininfor` VALUES (121, 'admin', '127.0.0.1', '内网IP', 'Chrome 8', 'Windows 10', '1', '验证码已失效', '2020-05-06 05:23:08');
INSERT INTO `sys_logininfor` VALUES (122, 'admin', '127.0.0.1', '内网IP', 'Chrome 8', 'Windows 10', '1', '验证码已失效', '2020-05-06 07:21:02');
INSERT INTO `sys_logininfor` VALUES (123, 'admin', '127.0.0.1', '内网IP', 'Chrome 8', 'Windows 10', '1', '验证码已失效', '2020-05-06 07:22:43');
INSERT INTO `sys_logininfor` VALUES (124, 'admin', '127.0.0.1', '内网IP', 'Chrome 8', 'Windows 10', '1', '验证码错误', '2020-05-06 07:24:14');
INSERT INTO `sys_logininfor` VALUES (125, 'admin', '127.0.0.1', '内网IP', 'Chrome 8', 'Windows 10', '1', '验证码错误', '2020-05-06 07:25:06');
INSERT INTO `sys_logininfor` VALUES (126, 'admin', '127.0.0.1', '内网IP', 'Chrome 8', 'Windows 10', '1', '验证码已失效', '2020-05-06 07:25:14');
INSERT INTO `sys_logininfor` VALUES (127, 'admin', '127.0.0.1', '内网IP', 'Chrome 8', 'Windows 10', '1', '验证码已失效', '2020-05-06 07:25:19');
INSERT INTO `sys_logininfor` VALUES (128, 'admin', '127.0.0.1', '内网IP', 'Chrome 8', 'Windows 10', '1', '验证码已失效', '2020-05-06 07:25:29');
INSERT INTO `sys_logininfor` VALUES (129, 'admin', '127.0.0.1', '内网IP', 'Chrome 8', 'Windows 10', '1', '验证码已失效', '2020-05-06 07:25:52');
INSERT INTO `sys_logininfor` VALUES (130, 'admin', '127.0.0.1', '内网IP', 'Chrome 8', 'Windows 10', '1', '验证码错误', '2020-05-06 07:26:56');
INSERT INTO `sys_logininfor` VALUES (131, 'admin', '127.0.0.1', '内网IP', 'Chrome 8', 'Windows 10', '1', '验证码已失效', '2020-05-06 07:27:00');
INSERT INTO `sys_logininfor` VALUES (132, 'admin', '127.0.0.1', '内网IP', 'Chrome 8', 'Windows 10', '1', '验证码已失效', '2020-05-06 07:27:05');
INSERT INTO `sys_logininfor` VALUES (133, 'admin', '127.0.0.1', '内网IP', 'Chrome 8', 'Windows 10', '1', '验证码错误', '2020-05-06 07:28:41');
INSERT INTO `sys_logininfor` VALUES (134, 'admin', '127.0.0.1', '内网IP', 'Chrome 8', 'Windows 10', '1', '验证码错误', '2020-05-06 07:28:45');
INSERT INTO `sys_logininfor` VALUES (135, 'admin', '127.0.0.1', '内网IP', 'Chrome 8', 'Windows 10', '0', '登录成功', '2020-05-06 07:28:55');
INSERT INTO `sys_logininfor` VALUES (136, 'admin', '127.0.0.1', '内网IP', 'Chrome 8', 'Windows 10', '1', '验证码已失效', '2020-05-06 07:29:08');
INSERT INTO `sys_logininfor` VALUES (137, 'admin', '127.0.0.1', '内网IP', 'Chrome 8', 'Windows 10', '0', '登录成功', '2020-05-06 07:29:34');
INSERT INTO `sys_logininfor` VALUES (138, 'admin', '127.0.0.1', '内网IP', 'Chrome 8', 'Windows 10', '1', '验证码已失效', '2020-05-06 07:30:38');
INSERT INTO `sys_logininfor` VALUES (139, 'admin', '127.0.0.1', '内网IP', 'Chrome 8', 'Windows 10', '0', '登录成功', '2020-05-06 07:30:48');
INSERT INTO `sys_logininfor` VALUES (140, 'admin', '127.0.0.1', '内网IP', 'Chrome 8', 'Windows 10', '0', '登录成功', '2020-05-06 07:40:12');
INSERT INTO `sys_logininfor` VALUES (141, 'admin', '127.0.0.1', '内网IP', 'Chrome 8', 'Windows 10', '0', '登录成功', '2020-05-08 16:32:09');
INSERT INTO `sys_logininfor` VALUES (142, 'admin', '127.0.0.1', '内网IP', 'Chrome 8', 'Windows 10', '1', '验证码已失效', '2020-05-08 16:32:22');
INSERT INTO `sys_logininfor` VALUES (143, 'admin', '127.0.0.1', '内网IP', 'Chrome 8', 'Windows 10', '0', '登录成功', '2020-05-08 19:25:56');
INSERT INTO `sys_logininfor` VALUES (144, 'admin', '127.0.0.1', '内网IP', 'Chrome 8', 'Windows 10', '0', '登录成功', '2020-05-08 19:36:56');
INSERT INTO `sys_logininfor` VALUES (145, 'admin', '127.0.0.1', '内网IP', 'Chrome 8', 'Windows 10', '0', '登录成功', '2020-05-09 14:06:33');
INSERT INTO `sys_logininfor` VALUES (146, 'admin', '127.0.0.1', '内网IP', 'Chrome 8', 'Windows 10', '0', '登录成功', '2020-05-09 14:08:42');
INSERT INTO `sys_logininfor` VALUES (147, 'admin', '127.0.0.1', '内网IP', 'Chrome 8', 'Windows 10', '0', '登录成功', '2020-05-09 14:16:43');
INSERT INTO `sys_logininfor` VALUES (148, 'admin', '127.0.0.1', '内网IP', 'Chrome 8', 'Windows 10', '0', '登录成功', '2020-05-09 14:19:58');
INSERT INTO `sys_logininfor` VALUES (149, 'admin', '127.0.0.1', '内网IP', 'Chrome 8', 'Windows 10', '0', '登录成功', '2020-05-09 14:25:17');
INSERT INTO `sys_logininfor` VALUES (150, 'admin', '127.0.0.1', '内网IP', 'Chrome 8', 'Windows 10', '0', '登录成功', '2020-05-09 14:27:02');
INSERT INTO `sys_logininfor` VALUES (151, 'admin', '127.0.0.1', '内网IP', 'Chrome 8', 'Windows 10', '0', '登录成功', '2020-05-09 14:30:05');
INSERT INTO `sys_logininfor` VALUES (152, 'admin', '127.0.0.1', '内网IP', 'Chrome 8', 'Windows 10', '0', '登录成功', '2020-05-10 02:59:13');
INSERT INTO `sys_logininfor` VALUES (153, 'admin', '127.0.0.1', '内网IP', 'Chrome 8', 'Windows 10', '0', '登录成功', '2020-05-10 03:05:35');
INSERT INTO `sys_logininfor` VALUES (154, 'admin', '127.0.0.1', '内网IP', 'Chrome 8', 'Windows 10', '0', '登录成功', '2020-05-10 03:08:08');
INSERT INTO `sys_logininfor` VALUES (155, 'admin', '127.0.0.1', '内网IP', 'Chrome 8', 'Windows 10', '0', '登录成功', '2020-05-10 03:10:05');
INSERT INTO `sys_logininfor` VALUES (156, 'admin', '127.0.0.1', '内网IP', 'Chrome 8', 'Windows 10', '0', '登录成功', '2020-05-10 03:11:31');
INSERT INTO `sys_logininfor` VALUES (157, 'admin', '127.0.0.1', '内网IP', 'Chrome 8', 'Windows 10', '0', '登录成功', '2020-05-10 03:24:21');
INSERT INTO `sys_logininfor` VALUES (158, 'admin', '127.0.0.1', '内网IP', 'Chrome 8', 'Windows 10', '0', '登录成功', '2020-05-10 04:09:50');
INSERT INTO `sys_logininfor` VALUES (159, 'admin', '127.0.0.1', '内网IP', 'Chrome 8', 'Windows 10', '0', '登录成功', '2020-05-10 04:19:07');
INSERT INTO `sys_logininfor` VALUES (160, 'admin', '127.0.0.1', '内网IP', 'Chrome 8', 'Windows 10', '1', '验证码已失效', '2020-05-10 04:19:41');
INSERT INTO `sys_logininfor` VALUES (161, 'admin', '127.0.0.1', '内网IP', 'Chrome 8', 'Windows 10', '0', '登录成功', '2020-05-10 04:20:28');
INSERT INTO `sys_logininfor` VALUES (162, 'admin', '127.0.0.1', '内网IP', 'Chrome 8', 'Windows 10', '1', '验证码已失效', '2020-05-10 04:21:05');
INSERT INTO `sys_logininfor` VALUES (163, 'admin', '127.0.0.1', '内网IP', 'Chrome 8', 'Windows 10', '0', '登录成功', '2020-05-10 04:21:14');
INSERT INTO `sys_logininfor` VALUES (164, 'admin', '127.0.0.1', '内网IP', 'Chrome 8', 'Windows 10', '0', '登录成功', '2020-05-10 04:22:45');
INSERT INTO `sys_logininfor` VALUES (165, 'admin', '127.0.0.1', '内网IP', 'Chrome 8', 'Windows 10', '1', '验证码已失效', '2020-05-10 04:27:05');
INSERT INTO `sys_logininfor` VALUES (166, 'admin', '127.0.0.1', '内网IP', 'Chrome 8', 'Windows 10', '0', '登录成功', '2020-05-10 04:27:13');
INSERT INTO `sys_logininfor` VALUES (167, 'admin', '127.0.0.1', '内网IP', 'Chrome 8', 'Windows 10', '0', '登录成功', '2020-05-10 04:28:11');
INSERT INTO `sys_logininfor` VALUES (168, 'admin', '127.0.0.1', '内网IP', 'Chrome 8', 'Windows 10', '0', '登录成功', '2020-05-10 04:34:17');
INSERT INTO `sys_logininfor` VALUES (169, 'admin', '127.0.0.1', '内网IP', 'Chrome 8', 'Windows 10', '0', '登录成功', '2020-05-10 04:44:38');
INSERT INTO `sys_logininfor` VALUES (170, 'admin', '127.0.0.1', '内网IP', 'Chrome 8', 'Windows 10', '0', '登录成功', '2020-05-10 05:00:39');
INSERT INTO `sys_logininfor` VALUES (171, 'admin', '127.0.0.1', '内网IP', 'Chrome 8', 'Windows 10', '0', '登录成功', '2020-05-10 05:01:05');
INSERT INTO `sys_logininfor` VALUES (172, 'admin', '127.0.0.1', '内网IP', 'Chrome 8', 'Windows 10', '0', '登录成功', '2020-05-10 05:01:46');
INSERT INTO `sys_logininfor` VALUES (173, 'admin', '127.0.0.1', '内网IP', 'Chrome 8', 'Windows 10', '0', '登录成功', '2020-05-10 05:38:52');
INSERT INTO `sys_logininfor` VALUES (174, 'admin', '127.0.0.1', '内网IP', 'Chrome 8', 'Windows 10', '0', '登录成功', '2020-05-10 05:41:48');

-- ----------------------------
-- Table structure for sys_menu
-- ----------------------------
DROP TABLE IF EXISTS `sys_menu`;
CREATE TABLE `sys_menu`  (
  `menu_id` bigint(0) NOT NULL AUTO_INCREMENT COMMENT '菜单ID',
  `menu_name` varchar(50) CHARACTER SET utf8mb4 COLLATE utf8mb4_0900_ai_ci NOT NULL COMMENT '菜单名称',
  `parent_id` bigint(0) NULL DEFAULT 0 COMMENT '父菜单ID',
  `order_num` int(0) NULL DEFAULT 0 COMMENT '显示顺序',
  `path` varchar(200) CHARACTER SET utf8mb4 COLLATE utf8mb4_0900_ai_ci NULL DEFAULT '' COMMENT '路由地址',
  `component` varchar(255) CHARACTER SET utf8mb4 COLLATE utf8mb4_0900_ai_ci NULL DEFAULT NULL COMMENT '组件路径',
  `is_frame` int(0) NULL DEFAULT 1 COMMENT '是否为外链（0是 1否）',
  `menu_type` char(1) CHARACTER SET utf8mb4 COLLATE utf8mb4_0900_ai_ci NULL DEFAULT '' COMMENT '菜单类型（M目录 C菜单 F按钮）',
  `visible` char(1) CHARACTER SET utf8mb4 COLLATE utf8mb4_0900_ai_ci NULL DEFAULT '0' COMMENT '菜单状态（0显示 1隐藏）',
  `perms` varchar(100) CHARACTER SET utf8mb4 COLLATE utf8mb4_0900_ai_ci NULL DEFAULT NULL COMMENT '权限标识',
  `icon` varchar(100) CHARACTER SET utf8mb4 COLLATE utf8mb4_0900_ai_ci NULL DEFAULT '#' COMMENT '菜单图标',
  `create_by` varchar(64) CHARACTER SET utf8mb4 COLLATE utf8mb4_0900_ai_ci NULL DEFAULT '' COMMENT '创建者',
  `create_time` datetime(0) NULL DEFAULT NULL COMMENT '创建时间',
  `update_by` varchar(64) CHARACTER SET utf8mb4 COLLATE utf8mb4_0900_ai_ci NULL DEFAULT '' COMMENT '更新者',
  `update_time` datetime(0) NULL DEFAULT NULL COMMENT '更新时间',
  `remark` varchar(500) CHARACTER SET utf8mb4 COLLATE utf8mb4_0900_ai_ci NULL DEFAULT '' COMMENT '备注',
  PRIMARY KEY (`menu_id`) USING BTREE
) ENGINE = InnoDB AUTO_INCREMENT = 2010 CHARACTER SET = utf8mb4 COLLATE = utf8mb4_0900_ai_ci COMMENT = '菜单权限表' ROW_FORMAT = Dynamic;

-- ----------------------------
-- Records of sys_menu
-- ----------------------------
INSERT INTO `sys_menu` VALUES (1, '系统管理', 0, 1, 'system', NULL, 1, 'M', '0', '', 'system', 'admin', '2018-03-16 11:33:00', 'ry', '2018-03-16 11:33:00', '系统管理目录');
INSERT INTO `sys_menu` VALUES (2, '系统监控', 0, 2, 'monitor', NULL, 1, 'M', '0', '', 'monitor', 'admin', '2018-03-16 11:33:00', 'ry', '2018-03-16 11:33:00', '系统监控目录');
INSERT INTO `sys_menu` VALUES (3, '系统工具', 0, 3, 'tool', NULL, 1, 'M', '0', '', 'tool', 'admin', '2018-03-16 11:33:00', 'ry', '2018-03-16 11:33:00', '系统工具目录');
INSERT INTO `sys_menu` VALUES (101, '角色管理', 2010, 2, 'role', 'permission/role/index', 1, 'C', '0', 'permisson:role:list', 'peoples', 'admin', '2018-03-16 11:33:00', 'admin', '2020-04-21 11:42:36', '角色管理菜单');
INSERT INTO `sys_menu` VALUES (102, '菜单管理', 2010, 3, 'menu', 'permission/menu/index', 1, 'C', '0', 'permission:menu:list', 'tree-table', 'admin', '2018-03-16 11:33:00', 'ry', '2018-03-16 11:33:00', '菜单管理菜单');
INSERT INTO `sys_menu` VALUES (103, '部门管理', 1, 4, 'dept', 'system/dept/index', 1, 'C', '0', 'system:dept:list', 'tree', 'admin', '2018-03-16 11:33:00', 'ry', '2018-03-16 11:33:00', '部门管理菜单');
INSERT INTO `sys_menu` VALUES (104, '岗位管理', 1, 5, 'post', 'system/post/index', 1, 'C', '0', 'system:post:list', 'post', 'admin', '2018-03-16 11:33:00', 'ry', '2018-03-16 11:33:00', '岗位管理菜单');
INSERT INTO `sys_menu` VALUES (105, '字典管理', 1, 6, 'dict', 'system/dict/index', 1, 'C', '0', 'system:dict:list', 'dict', 'admin', '2018-03-16 11:33:00', 'ry', '2018-03-16 11:33:00', '字典管理菜单');
INSERT INTO `sys_menu` VALUES (106, '参数设置', 1, 7, 'config', 'system/config/index', 1, 'C', '0', 'system:config:list', 'edit', 'admin', '2018-03-16 11:33:00', 'ry', '2018-03-16 11:33:00', '参数设置菜单');
INSERT INTO `sys_menu` VALUES (107, '通知公告', 1, 8, 'notice', 'system/notice/index', 1, 'C', '0', 'system:notice:list', 'message', 'admin', '2018-03-16 11:33:00', 'ry', '2018-03-16 11:33:00', '通知公告菜单');
INSERT INTO `sys_menu` VALUES (108, '日志管理', 1, 9, 'log', 'system/log/index', 1, 'M', '0', '', 'log', 'admin', '2018-03-16 11:33:00', 'ry', '2018-03-16 11:33:00', '日志管理菜单');
INSERT INTO `sys_menu` VALUES (109, '在线用户', 2, 1, 'online', 'monitor/online/index', 1, 'C', '0', 'monitor:online:list', 'online', 'admin', '2018-03-16 11:33:00', 'ry', '2018-03-16 11:33:00', '在线用户菜单');
INSERT INTO `sys_menu` VALUES (110, '定时任务', 2, 2, 'job', 'monitor/job/index', 1, 'C', '0', 'monitor:job:list', 'job', 'admin', '2018-03-16 11:33:00', 'ry', '2018-03-16 11:33:00', '定时任务菜单');
INSERT INTO `sys_menu` VALUES (111, '数据监控', 2, 3, 'druid', 'monitor/druid/index', 1, 'C', '0', 'monitor:druid:list', 'druid', 'admin', '2018-03-16 11:33:00', 'ry', '2018-03-16 11:33:00', '数据监控菜单');
INSERT INTO `sys_menu` VALUES (112, '服务监控', 2, 4, 'server', 'monitor/server/index', 1, 'C', '0', 'monitor:server:list', 'server', 'admin', '2018-03-16 11:33:00', 'ry', '2018-03-16 11:33:00', '服务监控菜单');
INSERT INTO `sys_menu` VALUES (113, '表单构建', 3, 1, 'build', 'tool/build/index', 1, 'C', '0', 'tool:build:list', 'build', 'admin', '2018-03-16 11:33:00', 'ry', '2018-03-16 11:33:00', '表单构建菜单');
INSERT INTO `sys_menu` VALUES (114, '代码生成', 3, 2, 'gen', 'tool/gen/index', 1, 'C', '0', 'tool:gen:list', 'code', 'admin', '2018-03-16 11:33:00', 'ry', '2018-03-16 11:33:00', '代码生成菜单');
INSERT INTO `sys_menu` VALUES (115, '系统接口', 3, 3, 'swagger', 'tool/swagger/index', 1, 'C', '0', 'tool:swagger:list', 'swagger', 'admin', '2018-03-16 11:33:00', 'ry', '2018-03-16 11:33:00', '系统接口菜单');
INSERT INTO `sys_menu` VALUES (500, '操作日志', 108, 1, 'operlog', 'monitor/operlog/index', 1, 'C', '0', 'monitor:operlog:list', 'form', 'admin', '2018-03-16 11:33:00', 'ry', '2018-03-16 11:33:00', '操作日志菜单');
INSERT INTO `sys_menu` VALUES (501, '登录日志', 108, 2, 'logininfor', 'monitor/logininfor/index', 1, 'C', '0', 'monitor:logininfor:list', 'logininfor', 'admin', '2018-03-16 11:33:00', 'ry', '2018-03-16 11:33:00', '登录日志菜单');
INSERT INTO `sys_menu` VALUES (1001, '用户查询', 2009, 1, '', '', 1, 'F', '0', 'user:query', '#', 'admin', '2018-03-16 11:33:00', 'admin', '2020-04-21 11:30:02', '');
INSERT INTO `sys_menu` VALUES (1002, '用户新增', 2009, 2, '', '', 1, 'F', '0', 'user:add', '#', 'admin', '2018-03-16 11:33:00', 'admin', '2020-04-21 11:30:26', '');
INSERT INTO `sys_menu` VALUES (1003, '用户修改', 2009, 3, '', '', 1, 'F', '0', 'user:edit', '#', 'admin', '2018-03-16 11:33:00', 'admin', '2020-04-21 11:30:32', '');
INSERT INTO `sys_menu` VALUES (1004, '用户删除', 2009, 4, '', '', 1, 'F', '0', 'user:remove', '#', 'admin', '2018-03-16 11:33:00', 'admin', '2020-04-21 11:30:38', '');
INSERT INTO `sys_menu` VALUES (1005, '用户导出', 2009, 5, '', '', 1, 'F', '0', 'user:export', '#', 'admin', '2018-03-16 11:33:00', 'admin', '2020-04-21 11:30:49', '');
INSERT INTO `sys_menu` VALUES (1006, '用户导入', 2009, 6, '', '', 1, 'F', '0', 'user:import', '#', 'admin', '2018-03-16 11:33:00', 'admin', '2020-04-21 11:30:58', '');
INSERT INTO `sys_menu` VALUES (1007, '重置密码', 2009, 7, '', '', 1, 'F', '0', 'user:resetPwd', '#', 'admin', '2018-03-16 11:33:00', 'admin', '2020-04-21 11:31:06', '');
INSERT INTO `sys_menu` VALUES (1008, '角色查询', 101, 1, '', '', 1, 'F', '0', 'system:role:query', '#', 'admin', '2018-03-16 11:33:00', 'ry', '2018-03-16 11:33:00', '');
INSERT INTO `sys_menu` VALUES (1009, '角色新增', 101, 2, '', '', 1, 'F', '0', 'system:role:add', '#', 'admin', '2018-03-16 11:33:00', 'ry', '2018-03-16 11:33:00', '');
INSERT INTO `sys_menu` VALUES (1010, '角色修改', 101, 3, '', '', 1, 'F', '0', 'system:role:edit', '#', 'admin', '2018-03-16 11:33:00', 'ry', '2018-03-16 11:33:00', '');
INSERT INTO `sys_menu` VALUES (1011, '角色删除', 101, 4, '', '', 1, 'F', '0', 'system:role:remove', '#', 'admin', '2018-03-16 11:33:00', 'ry', '2018-03-16 11:33:00', '');
INSERT INTO `sys_menu` VALUES (1012, '角色导出', 101, 5, '', '', 1, 'F', '0', 'system:role:export', '#', 'admin', '2018-03-16 11:33:00', 'ry', '2018-03-16 11:33:00', '');
INSERT INTO `sys_menu` VALUES (1013, '菜单查询', 102, 1, '', '', 1, 'F', '0', 'system:menu:query', '#', 'admin', '2018-03-16 11:33:00', 'ry', '2018-03-16 11:33:00', '');
INSERT INTO `sys_menu` VALUES (1014, '菜单新增', 102, 2, '', '', 1, 'F', '0', 'system:menu:add', '#', 'admin', '2018-03-16 11:33:00', 'ry', '2018-03-16 11:33:00', '');
INSERT INTO `sys_menu` VALUES (1015, '菜单修改', 102, 3, '', '', 1, 'F', '0', 'system:menu:edit', '#', 'admin', '2018-03-16 11:33:00', 'ry', '2018-03-16 11:33:00', '');
INSERT INTO `sys_menu` VALUES (1016, '菜单删除', 102, 4, '', '', 1, 'F', '0', 'system:menu:remove', '#', 'admin', '2018-03-16 11:33:00', 'ry', '2018-03-16 11:33:00', '');
INSERT INTO `sys_menu` VALUES (1017, '部门查询', 103, 1, '', '', 1, 'F', '0', 'system:dept:query', '#', 'admin', '2018-03-16 11:33:00', 'ry', '2018-03-16 11:33:00', '');
INSERT INTO `sys_menu` VALUES (1018, '部门新增', 103, 2, '', '', 1, 'F', '0', 'system:dept:add', '#', 'admin', '2018-03-16 11:33:00', 'admin', '2020-04-21 02:42:16', '');
INSERT INTO `sys_menu` VALUES (1019, '部门修改', 103, 3, '', '', 1, 'F', '0', 'system:dept:edit', '#', 'admin', '2018-03-16 11:33:00', 'ry', '2018-03-16 11:33:00', '');
INSERT INTO `sys_menu` VALUES (1020, '部门删除', 103, 4, '', '', 1, 'F', '0', 'system:dept:remove', '#', 'admin', '2018-03-16 11:33:00', 'ry', '2018-03-16 11:33:00', '');
INSERT INTO `sys_menu` VALUES (1021, '岗位查询', 104, 1, '', '', 1, 'F', '0', 'system:post:query', '#', 'admin', '2018-03-16 11:33:00', 'ry', '2018-03-16 11:33:00', '');
INSERT INTO `sys_menu` VALUES (1022, '岗位新增', 104, 2, '', '', 1, 'F', '0', 'system:post:add', '#', 'admin', '2018-03-16 11:33:00', 'ry', '2018-03-16 11:33:00', '');
INSERT INTO `sys_menu` VALUES (1023, '岗位修改', 104, 3, '', '', 1, 'F', '0', 'system:post:edit', '#', 'admin', '2018-03-16 11:33:00', 'ry', '2018-03-16 11:33:00', '');
INSERT INTO `sys_menu` VALUES (1024, '岗位删除', 104, 4, '', '', 1, 'F', '0', 'system:post:remove', '#', 'admin', '2018-03-16 11:33:00', 'ry', '2018-03-16 11:33:00', '');
INSERT INTO `sys_menu` VALUES (1025, '岗位导出', 104, 5, '', '', 1, 'F', '0', 'system:post:export', '#', 'admin', '2018-03-16 11:33:00', 'ry', '2018-03-16 11:33:00', '');
INSERT INTO `sys_menu` VALUES (1026, '字典查询', 105, 1, '#', '', 1, 'F', '0', 'system:dict:query', '#', 'admin', '2018-03-16 11:33:00', 'ry', '2018-03-16 11:33:00', '');
INSERT INTO `sys_menu` VALUES (1027, '字典新增', 105, 2, '#', '', 1, 'F', '0', 'system:dict:add', '#', 'admin', '2018-03-16 11:33:00', 'ry', '2018-03-16 11:33:00', '');
INSERT INTO `sys_menu` VALUES (1028, '字典修改', 105, 3, '#', '', 1, 'F', '0', 'system:dict:edit', '#', 'admin', '2018-03-16 11:33:00', 'ry', '2018-03-16 11:33:00', '');
INSERT INTO `sys_menu` VALUES (1029, '字典删除', 105, 4, '#', '', 1, 'F', '0', 'system:dict:remove', '#', 'admin', '2018-03-16 11:33:00', 'ry', '2018-03-16 11:33:00', '');
INSERT INTO `sys_menu` VALUES (1030, '字典导出', 105, 5, '#', '', 1, 'F', '0', 'system:dict:export', '#', 'admin', '2018-03-16 11:33:00', 'ry', '2018-03-16 11:33:00', '');
INSERT INTO `sys_menu` VALUES (1031, '参数查询', 106, 1, '#', '', 1, 'F', '0', 'system:config:query', '#', 'admin', '2018-03-16 11:33:00', 'ry', '2018-03-16 11:33:00', '');
INSERT INTO `sys_menu` VALUES (1032, '参数新增', 106, 2, '#', '', 1, 'F', '0', 'system:config:add', '#', 'admin', '2018-03-16 11:33:00', 'ry', '2018-03-16 11:33:00', '');
INSERT INTO `sys_menu` VALUES (1033, '参数修改', 106, 3, '#', '', 1, 'F', '0', 'system:config:edit', '#', 'admin', '2018-03-16 11:33:00', 'ry', '2018-03-16 11:33:00', '');
INSERT INTO `sys_menu` VALUES (1034, '参数删除', 106, 4, '#', '', 1, 'F', '0', 'system:config:remove', '#', 'admin', '2018-03-16 11:33:00', 'ry', '2018-03-16 11:33:00', '');
INSERT INTO `sys_menu` VALUES (1035, '参数导出', 106, 5, '#', '', 1, 'F', '0', 'system:config:export', '#', 'admin', '2018-03-16 11:33:00', 'ry', '2018-03-16 11:33:00', '');
INSERT INTO `sys_menu` VALUES (1036, '公告查询', 107, 1, '#', '', 1, 'F', '0', 'system:notice:query', '#', 'admin', '2018-03-16 11:33:00', 'ry', '2018-03-16 11:33:00', '');
INSERT INTO `sys_menu` VALUES (1037, '公告新增', 107, 2, '#', '', 1, 'F', '0', 'system:notice:add', '#', 'admin', '2018-03-16 11:33:00', 'ry', '2018-03-16 11:33:00', '');
INSERT INTO `sys_menu` VALUES (1038, '公告修改', 107, 3, '#', '', 1, 'F', '0', 'system:notice:edit', '#', 'admin', '2018-03-16 11:33:00', 'ry', '2018-03-16 11:33:00', '');
INSERT INTO `sys_menu` VALUES (1039, '公告删除', 107, 4, '#', '', 1, 'F', '0', 'system:notice:remove', '#', 'admin', '2018-03-16 11:33:00', 'ry', '2018-03-16 11:33:00', '');
INSERT INTO `sys_menu` VALUES (1040, '操作查询', 500, 1, '#', '', 1, 'F', '0', 'monitor:operlog:query', '#', 'admin', '2018-03-16 11:33:00', 'ry', '2018-03-16 11:33:00', '');
INSERT INTO `sys_menu` VALUES (1041, '操作删除', 500, 2, '#', '', 1, 'F', '0', 'monitor:operlog:remove', '#', 'admin', '2018-03-16 11:33:00', 'ry', '2018-03-16 11:33:00', '');
INSERT INTO `sys_menu` VALUES (1042, '日志导出', 500, 4, '#', '', 1, 'F', '0', 'monitor:operlog:export', '#', 'admin', '2018-03-16 11:33:00', 'ry', '2018-03-16 11:33:00', '');
INSERT INTO `sys_menu` VALUES (1043, '登录查询', 501, 1, '#', '', 1, 'F', '0', 'monitor:logininfor:query', '#', 'admin', '2018-03-16 11:33:00', 'ry', '2018-03-16 11:33:00', '');
INSERT INTO `sys_menu` VALUES (1044, '登录删除', 501, 2, '#', '', 1, 'F', '0', 'monitor:logininfor:remove', '#', 'admin', '2018-03-16 11:33:00', 'ry', '2018-03-16 11:33:00', '');
INSERT INTO `sys_menu` VALUES (1045, '日志导出', 501, 3, '#', '', 1, 'F', '0', 'monitor:logininfor:export', '#', 'admin', '2018-03-16 11:33:00', 'ry', '2018-03-16 11:33:00', '');
INSERT INTO `sys_menu` VALUES (1046, '在线查询', 109, 1, '#', '', 1, 'F', '0', 'monitor:online:query', '#', 'admin', '2018-03-16 11:33:00', 'ry', '2018-03-16 11:33:00', '');
INSERT INTO `sys_menu` VALUES (1047, '批量强退', 109, 2, '#', '', 1, 'F', '0', 'monitor:online:batchLogout', '#', 'admin', '2018-03-16 11:33:00', 'ry', '2018-03-16 11:33:00', '');
INSERT INTO `sys_menu` VALUES (1048, '单条强退', 109, 3, '#', '', 1, 'F', '0', 'monitor:online:forceLogout', '#', 'admin', '2018-03-16 11:33:00', 'ry', '2018-03-16 11:33:00', '');
INSERT INTO `sys_menu` VALUES (1049, '任务查询', 110, 1, '#', '', 1, 'F', '0', 'monitor:job:query', '#', 'admin', '2018-03-16 11:33:00', 'ry', '2018-03-16 11:33:00', '');
INSERT INTO `sys_menu` VALUES (1050, '任务新增', 110, 2, '#', '', 1, 'F', '0', 'monitor:job:add', '#', 'admin', '2018-03-16 11:33:00', 'ry', '2018-03-16 11:33:00', '');
INSERT INTO `sys_menu` VALUES (1051, '任务修改', 110, 3, '#', '', 1, 'F', '0', 'monitor:job:edit', '#', 'admin', '2018-03-16 11:33:00', 'ry', '2018-03-16 11:33:00', '');
INSERT INTO `sys_menu` VALUES (1052, '任务删除', 110, 4, '#', '', 1, 'F', '0', 'monitor:job:remove', '#', 'admin', '2018-03-16 11:33:00', 'ry', '2018-03-16 11:33:00', '');
INSERT INTO `sys_menu` VALUES (1053, '状态修改', 110, 5, '#', '', 1, 'F', '0', 'monitor:job:changeStatus', '#', 'admin', '2018-03-16 11:33:00', 'ry', '2018-03-16 11:33:00', '');
INSERT INTO `sys_menu` VALUES (1054, '任务导出', 110, 7, '#', '', 1, 'F', '0', 'monitor:job:export', '#', 'admin', '2018-03-16 11:33:00', 'ry', '2018-03-16 11:33:00', '');
INSERT INTO `sys_menu` VALUES (1055, '生成查询', 114, 1, '#', '', 1, 'F', '0', 'tool:gen:query', '#', 'admin', '2018-03-16 11:33:00', 'ry', '2018-03-16 11:33:00', '');
INSERT INTO `sys_menu` VALUES (1056, '生成修改', 114, 2, '#', '', 1, 'F', '0', 'tool:gen:edit', '#', 'admin', '2018-03-16 11:33:00', 'ry', '2018-03-16 11:33:00', '');
INSERT INTO `sys_menu` VALUES (1057, '生成删除', 114, 3, '#', '', 1, 'F', '0', 'tool:gen:remove', '#', 'admin', '2018-03-16 11:33:00', 'ry', '2018-03-16 11:33:00', '');
INSERT INTO `sys_menu` VALUES (1058, '导入代码', 114, 2, '#', '', 1, 'F', '0', 'tool:gen:import', '#', 'admin', '2018-03-16 11:33:00', 'ry', '2018-03-16 11:33:00', '');
INSERT INTO `sys_menu` VALUES (1059, '预览代码', 114, 4, '#', '', 1, 'F', '0', 'tool:gen:preview', '#', 'admin', '2018-03-16 11:33:00', 'ry', '2018-03-16 11:33:00', '');
INSERT INTO `sys_menu` VALUES (1060, '生成代码', 114, 5, '#', '', 1, 'F', '0', 'tool:gen:code', '#', 'admin', '2018-03-16 11:33:00', 'ry', '2018-03-16 11:33:00', '');
INSERT INTO `sys_menu` VALUES (2000, '文章管理', 0, 0, 'article', NULL, 1, 'M', '0', '', 'edit', 'admin', '2020-04-21 07:30:31', 'admin', '2020-04-21 10:26:33', '');
INSERT INTO `sys_menu` VALUES (2001, '文章列表', 2000, 1, 'article_', 'article/article/index', 1, 'C', '0', 'article:article:list', 'language', 'admin', '2020-04-21 07:34:59', 'admin', '2020-04-21 10:30:20', '');
INSERT INTO `sys_menu` VALUES (2002, '分类列表', 2000, 2, 'category', 'article/category/index', 1, 'C', '0', 'article:category:list', 'edit', 'admin', '2020-04-21 10:32:05', '', NULL, '');
INSERT INTO `sys_menu` VALUES (2003, '标签列表', 2000, 3, 'lable', 'article/lable/index', 1, 'C', '0', 'article:lable:list', 'edit', 'admin', '2020-04-21 10:33:36', '', NULL, '');
INSERT INTO `sys_menu` VALUES (2004, '用户管理', 0, 2, 'user', NULL, 1, 'M', '0', '', 'user', 'admin', '2020-04-21 10:42:36', 'admin', '2020-04-21 11:36:16', '');
INSERT INTO `sys_menu` VALUES (2006, '网站管理', 0, 4, 'website', NULL, 1, 'M', '0', NULL, 'server', 'admin', '2020-04-21 10:48:52', '', NULL, '');
INSERT INTO `sys_menu` VALUES (2007, '友情链接', 2006, 1, 'link', 'website/link/index', 1, 'C', '0', 'website:link:list', 'guide', 'admin', '2020-04-21 10:50:52', 'admin', '2020-04-21 13:08:21', '');
INSERT INTO `sys_menu` VALUES (2008, '评论管理', 2006, 2, 'comment', 'website/comment/index', 1, 'C', '0', 'website:comment:list', 'log', 'admin', '2020-04-21 10:52:24', '', NULL, '');
INSERT INTO `sys_menu` VALUES (2009, '用户列表', 2004, 1, 'user', 'user/index', 1, 'C', '0', 'user:list', 'user', 'admin', '2020-04-21 10:56:32', 'admin', '2020-04-21 11:17:29', '');
INSERT INTO `sys_menu` VALUES (2010, '权限管理', 0, 4, 'permission', NULL, 1, 'M', '0', NULL, 'eye-open', 'admin', '2020-04-21 10:57:46', '', NULL, '');

-- ----------------------------
-- Table structure for sys_notice
-- ----------------------------
DROP TABLE IF EXISTS `sys_notice`;
CREATE TABLE `sys_notice`  (
  `notice_id` int(0) NOT NULL AUTO_INCREMENT COMMENT '公告ID',
  `notice_title` varchar(50) CHARACTER SET utf8mb4 COLLATE utf8mb4_0900_ai_ci NOT NULL COMMENT '公告标题',
  `notice_type` char(1) CHARACTER SET utf8mb4 COLLATE utf8mb4_0900_ai_ci NOT NULL COMMENT '公告类型（1通知 2公告）',
  `notice_content` varchar(2000) CHARACTER SET utf8mb4 COLLATE utf8mb4_0900_ai_ci NULL DEFAULT NULL COMMENT '公告内容',
  `status` char(1) CHARACTER SET utf8mb4 COLLATE utf8mb4_0900_ai_ci NULL DEFAULT '0' COMMENT '公告状态（0正常 1关闭）',
  `create_by` varchar(64) CHARACTER SET utf8mb4 COLLATE utf8mb4_0900_ai_ci NULL DEFAULT '' COMMENT '创建者',
  `create_time` datetime(0) NULL DEFAULT NULL COMMENT '创建时间',
  `update_by` varchar(64) CHARACTER SET utf8mb4 COLLATE utf8mb4_0900_ai_ci NULL DEFAULT '' COMMENT '更新者',
  `update_time` datetime(0) NULL DEFAULT NULL COMMENT '更新时间',
  `remark` varchar(255) CHARACTER SET utf8mb4 COLLATE utf8mb4_0900_ai_ci NULL DEFAULT NULL COMMENT '备注',
  PRIMARY KEY (`notice_id`) USING BTREE
) ENGINE = InnoDB AUTO_INCREMENT = 2 CHARACTER SET = utf8mb4 COLLATE = utf8mb4_0900_ai_ci COMMENT = '通知公告表' ROW_FORMAT = Dynamic;

-- ----------------------------
-- Records of sys_notice
-- ----------------------------
INSERT INTO `sys_notice` VALUES (1, '温馨提醒：2018-07-01 新版本发布啦', '2', '新版本内容', '0', 'admin', '2018-03-16 11:33:00', 'ry', '2018-03-16 11:33:00', '管理员');
INSERT INTO `sys_notice` VALUES (2, '维护通知：2018-07-01 系统凌晨维护', '1', '维护内容', '0', 'admin', '2018-03-16 11:33:00', 'ry', '2018-03-16 11:33:00', '管理员');

-- ----------------------------
-- Table structure for sys_oper_log
-- ----------------------------
DROP TABLE IF EXISTS `sys_oper_log`;
CREATE TABLE `sys_oper_log`  (
  `oper_id` bigint(0) NOT NULL AUTO_INCREMENT COMMENT '日志主键',
  `title` varchar(50) CHARACTER SET utf8mb4 COLLATE utf8mb4_0900_ai_ci NULL DEFAULT '' COMMENT '模块标题',
  `business_type` int(0) NULL DEFAULT 0 COMMENT '业务类型（0其它 1新增 2修改 3删除）',
  `method` varchar(100) CHARACTER SET utf8mb4 COLLATE utf8mb4_0900_ai_ci NULL DEFAULT '' COMMENT '方法名称',
  `request_method` varchar(10) CHARACTER SET utf8mb4 COLLATE utf8mb4_0900_ai_ci NULL DEFAULT '' COMMENT '请求方式',
  `operator_type` int(0) NULL DEFAULT 0 COMMENT '操作类别（0其它 1后台用户 2手机端用户）',
  `oper_name` varchar(50) CHARACTER SET utf8mb4 COLLATE utf8mb4_0900_ai_ci NULL DEFAULT '' COMMENT '操作人员',
  `dept_name` varchar(50) CHARACTER SET utf8mb4 COLLATE utf8mb4_0900_ai_ci NULL DEFAULT '' COMMENT '部门名称',
  `oper_url` varchar(255) CHARACTER SET utf8mb4 COLLATE utf8mb4_0900_ai_ci NULL DEFAULT '' COMMENT '请求URL',
  `oper_ip` varchar(50) CHARACTER SET utf8mb4 COLLATE utf8mb4_0900_ai_ci NULL DEFAULT '' COMMENT '主机地址',
  `oper_location` varchar(255) CHARACTER SET utf8mb4 COLLATE utf8mb4_0900_ai_ci NULL DEFAULT '' COMMENT '操作地点',
  `oper_param` varchar(2000) CHARACTER SET utf8mb4 COLLATE utf8mb4_0900_ai_ci NULL DEFAULT '' COMMENT '请求参数',
  `json_result` varchar(2000) CHARACTER SET utf8mb4 COLLATE utf8mb4_0900_ai_ci NULL DEFAULT '' COMMENT '返回参数',
  `status` int(0) NULL DEFAULT 0 COMMENT '操作状态（0正常 1异常）',
  `error_msg` varchar(2000) CHARACTER SET utf8mb4 COLLATE utf8mb4_0900_ai_ci NULL DEFAULT '' COMMENT '错误消息',
  `oper_time` datetime(0) NULL DEFAULT NULL COMMENT '操作时间',
  PRIMARY KEY (`oper_id`) USING BTREE
) ENGINE = InnoDB AUTO_INCREMENT = 159 CHARACTER SET = utf8mb4 COLLATE = utf8mb4_0900_ai_ci COMMENT = '操作日志记录' ROW_FORMAT = Dynamic;

-- ----------------------------
-- Records of sys_oper_log
-- ----------------------------
INSERT INTO `sys_oper_log` VALUES (100, '代码生成', 6, 'com.weiframework.project.tool.gen.controller.GenController.importTableSave()', 'POST', 1, 'admin', NULL, '/tool/gen/importTable', '127.0.0.1', '内网IP', 'sys_config', '{\"msg\":\"操作成功\",\"code\":200}', 0, NULL, '2020-04-21 01:42:07');
INSERT INTO `sys_oper_log` VALUES (101, '代码生成', 3, 'com.weiframework.project.tool.gen.controller.GenController.remove()', 'DELETE', 1, 'admin', NULL, '/tool/gen/1', '127.0.0.1', '内网IP', '{tableIds=1}', '{\"msg\":\"操作成功\",\"code\":200}', 0, NULL, '2020-04-21 01:42:23');
INSERT INTO `sys_oper_log` VALUES (102, '代码生成', 6, 'com.weiframework.project.tool.gen.controller.GenController.importTableSave()', 'POST', 1, 'admin', NULL, '/tool/gen/importTable', '127.0.0.1', '内网IP', 'sys_dept', '{\"msg\":\"操作成功\",\"code\":200}', 0, NULL, '2020-04-21 01:47:42');
INSERT INTO `sys_oper_log` VALUES (103, '菜单管理', 2, 'com.weiframework.project.system.controller.SysMenuController.edit()', 'PUT', 1, 'admin', NULL, '/system/menu', '127.0.0.1', '内网IP', '{\"visible\":\"0\",\"icon\":\"#\",\"orderNum\":\"2\",\"menuName\":\"部门新增\",\"params\":{},\"parentId\":103,\"path\":\"\",\"component\":\"\",\"children\":[],\"createTime\":1521171180000,\"updateBy\":\"admin\",\"isFrame\":\"1\",\"menuId\":1018,\"menuType\":\"F\",\"perms\":\"system:dept:addf\"}', '{\"msg\":\"操作成功\",\"code\":200}', 0, NULL, '2020-04-21 02:40:38');
INSERT INTO `sys_oper_log` VALUES (104, '菜单管理', 2, 'com.weiframework.project.system.controller.SysMenuController.edit()', 'PUT', 1, 'admin', NULL, '/system/menu', '127.0.0.1', '内网IP', '{\"visible\":\"0\",\"icon\":\"#\",\"orderNum\":\"2\",\"menuName\":\"部门新增\",\"params\":{},\"parentId\":103,\"path\":\"\",\"component\":\"\",\"children\":[],\"createTime\":1521171180000,\"updateBy\":\"admin\",\"isFrame\":\"1\",\"menuId\":1018,\"menuType\":\"F\",\"perms\":\"system:dept:add\"}', '{\"msg\":\"操作成功\",\"code\":200}', 0, NULL, '2020-04-21 02:42:16');
INSERT INTO `sys_oper_log` VALUES (105, '菜单管理', 1, 'com.weiframework.project.system.controller.SysMenuController.add()', 'POST', 1, 'admin', NULL, '/system/menu', '127.0.0.1', '内网IP', '{\"visible\":\"0\",\"icon\":\"edit\",\"orderNum\":\"1\",\"menuName\":\"博客管理\",\"params\":{},\"parentId\":0,\"path\":\"blog\",\"createBy\":\"admin\",\"children\":[],\"isFrame\":\"1\",\"menuType\":\"M\"}', '{\"msg\":\"操作成功\",\"code\":200}', 0, NULL, '2020-04-21 07:30:31');
INSERT INTO `sys_oper_log` VALUES (106, '菜单管理', 1, 'com.weiframework.project.system.controller.SysMenuController.add()', 'POST', 1, 'admin', NULL, '/system/menu', '127.0.0.1', '内网IP', '{\"visible\":\"0\",\"icon\":\"language\",\"orderNum\":\"1\",\"menuName\":\"文章管理\",\"params\":{},\"parentId\":2000,\"path\":\"article\",\"component\":\"blog/article/index\",\"createBy\":\"admin\",\"children\":[],\"isFrame\":\"1\",\"menuType\":\"C\",\"perms\":\"blog:article:list\"}', '{\"msg\":\"操作成功\",\"code\":200}', 0, NULL, '2020-04-21 07:34:59');
INSERT INTO `sys_oper_log` VALUES (107, '菜单管理', 2, 'com.weiframework.project.system.controller.SysMenuController.edit()', 'PUT', 1, 'admin', NULL, '/system/menu', '127.0.0.1', '内网IP', '{\"visible\":\"0\",\"icon\":\"edit\",\"orderNum\":\"0\",\"menuName\":\"博客管理\",\"params\":{},\"parentId\":0,\"path\":\"blog\",\"children\":[],\"createTime\":1587425431000,\"updateBy\":\"admin\",\"isFrame\":\"1\",\"menuId\":2000,\"menuType\":\"M\",\"perms\":\"\"}', '{\"msg\":\"操作成功\",\"code\":200}', 0, NULL, '2020-04-21 07:36:22');
INSERT INTO `sys_oper_log` VALUES (108, '菜单管理', 2, 'com.weiframework.project.system.controller.SysMenuController.edit()', 'PUT', 1, 'admin', NULL, '/system/menu', '127.0.0.1', '内网IP', '{\"visible\":\"0\",\"icon\":\"edit\",\"orderNum\":\"0\",\"menuName\":\"文章管理\",\"params\":{},\"parentId\":0,\"path\":\"article\",\"children\":[],\"createTime\":1587425431000,\"updateBy\":\"admin\",\"isFrame\":\"1\",\"menuId\":2000,\"menuType\":\"M\",\"perms\":\"\"}', '{\"msg\":\"操作成功\",\"code\":200}', 0, NULL, '2020-04-21 10:26:33');
INSERT INTO `sys_oper_log` VALUES (109, '菜单管理', 2, 'com.weiframework.project.system.controller.SysMenuController.edit()', 'PUT', 1, 'admin', NULL, '/system/menu', '127.0.0.1', '内网IP', '{\"visible\":\"0\",\"icon\":\"language\",\"orderNum\":\"1\",\"menuName\":\"文章列表\",\"params\":{},\"parentId\":2000,\"path\":\"article\",\"component\":\"article/article/index\",\"children\":[],\"createTime\":1587425699000,\"updateBy\":\"admin\",\"isFrame\":\"1\",\"menuId\":2001,\"menuType\":\"C\",\"perms\":\"article:article:list\"}', '{\"msg\":\"操作成功\",\"code\":200}', 0, NULL, '2020-04-21 10:30:20');
INSERT INTO `sys_oper_log` VALUES (110, '菜单管理', 1, 'com.weiframework.project.system.controller.SysMenuController.add()', 'POST', 1, 'admin', NULL, '/system/menu', '127.0.0.1', '内网IP', '{\"visible\":\"0\",\"icon\":\"edit\",\"orderNum\":\"2\",\"menuName\":\"分类列表\",\"params\":{},\"parentId\":2000,\"path\":\"category\",\"component\":\"article/category/index\",\"createBy\":\"admin\",\"children\":[],\"isFrame\":\"1\",\"menuType\":\"C\",\"perms\":\"article:category:list\"}', '{\"msg\":\"操作成功\",\"code\":200}', 0, NULL, '2020-04-21 10:32:05');
INSERT INTO `sys_oper_log` VALUES (111, '菜单管理', 1, 'com.weiframework.project.system.controller.SysMenuController.add()', 'POST', 1, 'admin', NULL, '/system/menu', '127.0.0.1', '内网IP', '{\"visible\":\"0\",\"icon\":\"edit\",\"orderNum\":\"3\",\"menuName\":\"标签列表\",\"params\":{},\"parentId\":2000,\"path\":\"lable\",\"component\":\"article/lable/index\",\"createBy\":\"admin\",\"children\":[],\"isFrame\":\"1\",\"menuType\":\"C\",\"perms\":\"article:lable:list\"}', '{\"msg\":\"操作成功\",\"code\":200}', 0, NULL, '2020-04-21 10:33:36');
INSERT INTO `sys_oper_log` VALUES (112, '菜单管理', 1, 'com.weiframework.project.system.controller.SysMenuController.add()', 'POST', 1, 'admin', NULL, '/system/menu', '127.0.0.1', '内网IP', '{\"visible\":\"0\",\"icon\":\"user\",\"orderNum\":\"2\",\"menuName\":\"用户管理\",\"params\":{},\"parentId\":0,\"path\":\"user\",\"createBy\":\"admin\",\"children\":[],\"isFrame\":\"1\",\"menuType\":\"M\"}', '{\"msg\":\"操作成功\",\"code\":200}', 0, NULL, '2020-04-21 10:42:36');
INSERT INTO `sys_oper_log` VALUES (113, '菜单管理', 1, 'com.weiframework.project.system.controller.SysMenuController.add()', 'POST', 1, 'admin', NULL, '/system/menu', '127.0.0.1', '内网IP', '{\"visible\":\"0\",\"icon\":\"user\",\"orderNum\":\"1\",\"menuName\":\"用户列表\",\"params\":{},\"parentId\":0,\"path\":\"user\",\"component\":\"user/user/index\",\"createBy\":\"admin\",\"children\":[],\"isFrame\":\"1\",\"menuType\":\"C\",\"perms\":\"user:user:list\"}', '{\"msg\":\"操作成功\",\"code\":200}', 0, NULL, '2020-04-21 10:43:59');
INSERT INTO `sys_oper_log` VALUES (114, '菜单管理', 1, 'com.weiframework.project.system.controller.SysMenuController.add()', 'POST', 1, 'admin', NULL, '/system/menu', '127.0.0.1', '内网IP', '{\"visible\":\"0\",\"icon\":\"server\",\"orderNum\":\"4\",\"menuName\":\"网站管理\",\"params\":{},\"parentId\":0,\"path\":\"website\",\"createBy\":\"admin\",\"children\":[],\"isFrame\":\"1\",\"menuType\":\"M\"}', '{\"msg\":\"操作成功\",\"code\":200}', 0, NULL, '2020-04-21 10:48:52');
INSERT INTO `sys_oper_log` VALUES (115, '菜单管理', 1, 'com.weiframework.project.system.controller.SysMenuController.add()', 'POST', 1, 'admin', NULL, '/system/menu', '127.0.0.1', '内网IP', '{\"visible\":\"0\",\"icon\":\"guide\",\"orderNum\":\"1\",\"menuName\":\"友情链接\",\"params\":{},\"parentId\":2006,\"path\":\"link\",\"component\":\"website/link/index\",\"createBy\":\"admin\",\"children\":[],\"isFrame\":\"1\",\"menuType\":\"C\",\"perms\":\"website:link:list\"}', '{\"msg\":\"操作成功\",\"code\":200}', 0, NULL, '2020-04-21 10:50:52');
INSERT INTO `sys_oper_log` VALUES (116, '菜单管理', 1, 'com.weiframework.project.system.controller.SysMenuController.add()', 'POST', 1, 'admin', NULL, '/system/menu', '127.0.0.1', '内网IP', '{\"visible\":\"0\",\"icon\":\"log\",\"orderNum\":\"2\",\"menuName\":\"评论管理\",\"params\":{},\"parentId\":2006,\"path\":\"comment\",\"component\":\"website/comment/index\",\"createBy\":\"admin\",\"children\":[],\"isFrame\":\"1\",\"menuType\":\"C\",\"perms\":\"website:comment:list\"}', '{\"msg\":\"操作成功\",\"code\":200}', 0, NULL, '2020-04-21 10:52:24');
INSERT INTO `sys_oper_log` VALUES (117, '菜单管理', 2, 'com.weiframework.project.system.controller.SysMenuController.edit()', 'PUT', 1, 'admin', NULL, '/system/menu', '127.0.0.1', '内网IP', '{\"visible\":\"0\",\"icon\":\"user\",\"orderNum\":\"1\",\"menuName\":\"用户列表\",\"params\":{},\"parentId\":0,\"path\":\"user\",\"component\":\"user/user/index\",\"children\":[],\"createTime\":1587437039000,\"updateBy\":\"admin\",\"isFrame\":\"1\",\"menuId\":2005,\"menuType\":\"M\",\"perms\":\"user:user:list\"}', '{\"msg\":\"操作成功\",\"code\":200}', 0, NULL, '2020-04-21 10:55:37');
INSERT INTO `sys_oper_log` VALUES (118, '菜单管理', 1, 'com.weiframework.project.system.controller.SysMenuController.add()', 'POST', 1, 'admin', NULL, '/system/menu', '127.0.0.1', '内网IP', '{\"visible\":\"0\",\"icon\":\"user\",\"orderNum\":\"1\",\"menuName\":\"用户列表\",\"params\":{},\"parentId\":2004,\"path\":\"user\",\"component\":\"user/user/index\",\"createBy\":\"admin\",\"children\":[],\"isFrame\":\"1\",\"menuType\":\"C\",\"perms\":\"user:user:list\"}', '{\"msg\":\"操作成功\",\"code\":200}', 0, NULL, '2020-04-21 10:56:32');
INSERT INTO `sys_oper_log` VALUES (119, '菜单管理', 1, 'com.weiframework.project.system.controller.SysMenuController.add()', 'POST', 1, 'admin', NULL, '/system/menu', '127.0.0.1', '内网IP', '{\"visible\":\"0\",\"icon\":\"eye-open\",\"orderNum\":\"4\",\"menuName\":\"权限管理\",\"params\":{},\"parentId\":0,\"path\":\"permission\",\"createBy\":\"admin\",\"children\":[],\"isFrame\":\"1\",\"menuType\":\"M\"}', '{\"msg\":\"操作成功\",\"code\":200}', 0, NULL, '2020-04-21 10:57:46');
INSERT INTO `sys_oper_log` VALUES (120, '菜单管理', 3, 'com.weiframework.project.system.controller.SysMenuController.remove()', 'DELETE', 1, 'admin', NULL, '/system/menu/2005', '127.0.0.1', '内网IP', '{menuId=2005}', '{\"msg\":\"操作成功\",\"code\":200}', 0, NULL, '2020-04-21 11:02:05');
INSERT INTO `sys_oper_log` VALUES (121, '菜单管理', 2, 'com.weiframework.project.system.controller.SysMenuController.edit()', 'PUT', 1, 'admin', NULL, '/system/menu', '127.0.0.1', '内网IP', '{\"visible\":\"0\",\"icon\":\"user\",\"orderNum\":\"3\",\"menuName\":\"用户管理\",\"params\":{},\"parentId\":1,\"path\":\"user\",\"component\":\"user/index\",\"children\":[],\"createTime\":1521171180000,\"updateBy\":\"admin\",\"isFrame\":\"1\",\"menuId\":100,\"menuType\":\"C\",\"perms\":\"user:list\"}', '{\"msg\":\"操作成功\",\"code\":200}', 0, NULL, '2020-04-21 11:11:15');
INSERT INTO `sys_oper_log` VALUES (122, '菜单管理', 2, 'com.weiframework.project.system.controller.SysMenuController.edit()', 'PUT', 1, 'admin', NULL, '/system/menu', '127.0.0.1', '内网IP', '{\"visible\":\"0\",\"icon\":\"user\",\"orderNum\":\"1\",\"menuName\":\"用户列表\",\"params\":{},\"parentId\":2004,\"path\":\"user\",\"component\":\"user/index\",\"children\":[],\"createTime\":1587437792000,\"updateBy\":\"admin\",\"isFrame\":\"1\",\"menuId\":2009,\"menuType\":\"C\",\"perms\":\"user:list\"}', '{\"msg\":\"操作成功\",\"code\":200}', 0, NULL, '2020-04-21 11:17:29');
INSERT INTO `sys_oper_log` VALUES (123, '菜单管理', 3, 'com.weiframework.project.system.controller.SysMenuController.remove()', 'DELETE', 1, 'admin', NULL, '/system/menu/100', '127.0.0.1', '内网IP', '{menuId=100}', '{\"msg\":\"存在子菜单,不允许删除\",\"code\":500}', 0, NULL, '2020-04-21 11:19:40');
INSERT INTO `sys_oper_log` VALUES (124, '菜单管理', 2, 'com.weiframework.project.system.controller.SysMenuController.edit()', 'PUT', 1, 'admin', NULL, '/system/menu', '127.0.0.1', '内网IP', '{\"visible\":\"0\",\"icon\":\"user\",\"orderNum\":\"3\",\"menuName\":\"用户管理\",\"params\":{},\"parentId\":0,\"path\":\"user\",\"component\":\"user/index\",\"children\":[],\"createTime\":1521171180000,\"isFrame\":\"1\",\"menuId\":100,\"menuType\":\"C\",\"perms\":\"user:list\"}', '{\"msg\":\"修改菜单\'用户管理\'失败，菜单名称已存在\",\"code\":500}', 0, NULL, '2020-04-21 11:22:09');
INSERT INTO `sys_oper_log` VALUES (125, '菜单管理', 2, 'com.weiframework.project.system.controller.SysMenuController.edit()', 'PUT', 1, 'admin', NULL, '/system/menu', '127.0.0.1', '内网IP', '{\"visible\":\"0\",\"icon\":\"user\",\"orderNum\":\"2\",\"menuName\":\"用户管理2\",\"params\":{},\"parentId\":0,\"path\":\"user\",\"children\":[],\"createTime\":1587436956000,\"updateBy\":\"admin\",\"isFrame\":\"1\",\"menuId\":2004,\"menuType\":\"M\",\"perms\":\"\"}', '{\"msg\":\"操作成功\",\"code\":200}', 0, NULL, '2020-04-21 11:22:50');
INSERT INTO `sys_oper_log` VALUES (126, '菜单管理', 2, 'com.weiframework.project.system.controller.SysMenuController.edit()', 'PUT', 1, 'admin', NULL, '/system/menu', '127.0.0.1', '内网IP', '{\"visible\":\"0\",\"icon\":\"user\",\"orderNum\":\"3\",\"menuName\":\"用户管理\",\"params\":{},\"parentId\":0,\"path\":\"user\",\"component\":\"user/index\",\"children\":[],\"createTime\":1521171180000,\"updateBy\":\"admin\",\"isFrame\":\"1\",\"menuId\":100,\"menuType\":\"C\",\"perms\":\"user:list\"}', '{\"msg\":\"操作成功\",\"code\":200}', 0, NULL, '2020-04-21 11:23:08');
INSERT INTO `sys_oper_log` VALUES (127, '菜单管理', 3, 'com.weiframework.project.system.controller.SysMenuController.remove()', 'DELETE', 1, 'admin', NULL, '/system/menu/100', '127.0.0.1', '内网IP', '{menuId=100}', '{\"msg\":\"存在子菜单,不允许删除\",\"code\":500}', 0, NULL, '2020-04-21 11:23:14');
INSERT INTO `sys_oper_log` VALUES (128, '菜单管理', 2, 'com.weiframework.project.system.controller.SysMenuController.edit()', 'PUT', 1, 'admin', NULL, '/system/menu', '127.0.0.1', '内网IP', '{\"visible\":\"0\",\"icon\":\"#\",\"orderNum\":\"1\",\"menuName\":\"用户查询\",\"params\":{},\"parentId\":2004,\"path\":\"\",\"component\":\"\",\"children\":[],\"createTime\":1521171180000,\"updateBy\":\"admin\",\"isFrame\":\"1\",\"menuId\":1001,\"menuType\":\"F\",\"perms\":\"user:query\"}', '{\"msg\":\"操作成功\",\"code\":200}', 0, NULL, '2020-04-21 11:23:47');
INSERT INTO `sys_oper_log` VALUES (129, '菜单管理', 2, 'com.weiframework.project.system.controller.SysMenuController.edit()', 'PUT', 1, 'admin', NULL, '/system/menu', '127.0.0.1', '内网IP', '{\"visible\":\"0\",\"icon\":\"#\",\"orderNum\":\"3\",\"menuName\":\"用户修改\",\"params\":{},\"parentId\":2004,\"path\":\"\",\"component\":\"\",\"children\":[],\"createTime\":1521171180000,\"updateBy\":\"admin\",\"isFrame\":\"1\",\"menuId\":1003,\"menuType\":\"F\",\"perms\":\"user:edit\"}', '{\"msg\":\"操作成功\",\"code\":200}', 0, NULL, '2020-04-21 11:23:55');
INSERT INTO `sys_oper_log` VALUES (130, '菜单管理', 2, 'com.weiframework.project.system.controller.SysMenuController.edit()', 'PUT', 1, 'admin', NULL, '/system/menu', '127.0.0.1', '内网IP', '{\"visible\":\"0\",\"icon\":\"#\",\"orderNum\":\"5\",\"menuName\":\"用户导出\",\"params\":{},\"parentId\":2004,\"path\":\"\",\"component\":\"\",\"children\":[],\"createTime\":1521171180000,\"updateBy\":\"admin\",\"isFrame\":\"1\",\"menuId\":1005,\"menuType\":\"F\",\"perms\":\"user:export\"}', '{\"msg\":\"操作成功\",\"code\":200}', 0, NULL, '2020-04-21 11:24:00');
INSERT INTO `sys_oper_log` VALUES (131, '菜单管理', 2, 'com.weiframework.project.system.controller.SysMenuController.edit()', 'PUT', 1, 'admin', NULL, '/system/menu', '127.0.0.1', '内网IP', '{\"visible\":\"0\",\"icon\":\"#\",\"orderNum\":\"2\",\"menuName\":\"用户新增\",\"params\":{},\"parentId\":2004,\"path\":\"\",\"component\":\"\",\"children\":[],\"createTime\":1521171180000,\"updateBy\":\"admin\",\"isFrame\":\"1\",\"menuId\":1002,\"menuType\":\"F\",\"perms\":\"user:add\"}', '{\"msg\":\"操作成功\",\"code\":200}', 0, NULL, '2020-04-21 11:24:07');
INSERT INTO `sys_oper_log` VALUES (132, '菜单管理', 2, 'com.weiframework.project.system.controller.SysMenuController.edit()', 'PUT', 1, 'admin', NULL, '/system/menu', '127.0.0.1', '内网IP', '{\"visible\":\"0\",\"icon\":\"#\",\"orderNum\":\"4\",\"menuName\":\"用户删除\",\"params\":{},\"parentId\":2004,\"path\":\"\",\"component\":\"\",\"children\":[],\"createTime\":1521171180000,\"updateBy\":\"admin\",\"isFrame\":\"1\",\"menuId\":1004,\"menuType\":\"F\",\"perms\":\"user:remove\"}', '{\"msg\":\"操作成功\",\"code\":200}', 0, NULL, '2020-04-21 11:24:14');
INSERT INTO `sys_oper_log` VALUES (133, '菜单管理', 2, 'com.weiframework.project.system.controller.SysMenuController.edit()', 'PUT', 1, 'admin', NULL, '/system/menu', '127.0.0.1', '内网IP', '{\"visible\":\"0\",\"icon\":\"#\",\"orderNum\":\"6\",\"menuName\":\"用户导入\",\"params\":{},\"parentId\":2004,\"path\":\"\",\"component\":\"\",\"children\":[],\"createTime\":1521171180000,\"updateBy\":\"admin\",\"isFrame\":\"1\",\"menuId\":1006,\"menuType\":\"F\",\"perms\":\"user:import\"}', '{\"msg\":\"操作成功\",\"code\":200}', 0, NULL, '2020-04-21 11:24:42');
INSERT INTO `sys_oper_log` VALUES (134, '菜单管理', 2, 'com.weiframework.project.system.controller.SysMenuController.edit()', 'PUT', 1, 'admin', NULL, '/system/menu', '127.0.0.1', '内网IP', '{\"visible\":\"0\",\"icon\":\"#\",\"orderNum\":\"7\",\"menuName\":\"重置密码\",\"params\":{},\"parentId\":2004,\"path\":\"\",\"component\":\"\",\"children\":[],\"createTime\":1521171180000,\"updateBy\":\"admin\",\"isFrame\":\"1\",\"menuId\":1007,\"menuType\":\"F\",\"perms\":\"user:resetPwd\"}', '{\"msg\":\"操作成功\",\"code\":200}', 0, NULL, '2020-04-21 11:24:52');
INSERT INTO `sys_oper_log` VALUES (135, '菜单管理', 3, 'com.weiframework.project.system.controller.SysMenuController.remove()', 'DELETE', 1, 'admin', NULL, '/system/menu/100', '127.0.0.1', '内网IP', '{menuId=100}', '{\"msg\":\"菜单已分配,不允许删除\",\"code\":500}', 0, NULL, '2020-04-21 11:24:56');
INSERT INTO `sys_oper_log` VALUES (136, '用户管理', 5, 'com.weiframework.project.system.controller.SysUserController.export()', 'GET', 1, 'admin', NULL, '/system/user/export', '127.0.0.1', '内网IP', '{}', '{\"msg\":\"7135a8ac-d7fa-41b7-b4e6-4d594d1ccf74_用户数据.xlsx\",\"code\":200}', 0, NULL, '2020-04-21 11:25:56');
INSERT INTO `sys_oper_log` VALUES (137, '菜单管理', 2, 'com.weiframework.project.system.controller.SysMenuController.edit()', 'PUT', 1, 'admin', NULL, '/system/menu', '127.0.0.1', '内网IP', '{\"visible\":\"0\",\"icon\":\"#\",\"orderNum\":\"1\",\"menuName\":\"用户查询\",\"params\":{},\"parentId\":100,\"path\":\"\",\"component\":\"\",\"children\":[],\"createTime\":1521171180000,\"updateBy\":\"admin\",\"isFrame\":\"1\",\"menuId\":1001,\"menuType\":\"F\",\"perms\":\"user:query\"}', '{\"msg\":\"操作成功\",\"code\":200}', 0, NULL, '2020-04-21 11:28:58');
INSERT INTO `sys_oper_log` VALUES (138, '菜单管理', 2, 'com.weiframework.project.system.controller.SysMenuController.edit()', 'PUT', 1, 'admin', NULL, '/system/menu', '127.0.0.1', '内网IP', '{\"visible\":\"0\",\"icon\":\"#\",\"orderNum\":\"1\",\"menuName\":\"用户查询\",\"params\":{},\"parentId\":2009,\"path\":\"\",\"component\":\"\",\"children\":[],\"createTime\":1521171180000,\"updateBy\":\"admin\",\"isFrame\":\"1\",\"menuId\":1001,\"menuType\":\"F\",\"perms\":\"user:query\"}', '{\"msg\":\"操作成功\",\"code\":200}', 0, NULL, '2020-04-21 11:30:02');
INSERT INTO `sys_oper_log` VALUES (139, '菜单管理', 2, 'com.weiframework.project.system.controller.SysMenuController.edit()', 'PUT', 1, 'admin', NULL, '/system/menu', '127.0.0.1', '内网IP', '{\"visible\":\"0\",\"icon\":\"#\",\"orderNum\":\"2\",\"menuName\":\"用户新增\",\"params\":{},\"parentId\":2009,\"path\":\"\",\"component\":\"\",\"children\":[],\"createTime\":1521171180000,\"updateBy\":\"admin\",\"isFrame\":\"1\",\"menuId\":1002,\"menuType\":\"F\",\"perms\":\"user:add\"}', '{\"msg\":\"操作成功\",\"code\":200}', 0, NULL, '2020-04-21 11:30:26');
INSERT INTO `sys_oper_log` VALUES (140, '菜单管理', 2, 'com.weiframework.project.system.controller.SysMenuController.edit()', 'PUT', 1, 'admin', NULL, '/system/menu', '127.0.0.1', '内网IP', '{\"visible\":\"0\",\"icon\":\"#\",\"orderNum\":\"3\",\"menuName\":\"用户修改\",\"params\":{},\"parentId\":2009,\"path\":\"\",\"component\":\"\",\"children\":[],\"createTime\":1521171180000,\"updateBy\":\"admin\",\"isFrame\":\"1\",\"menuId\":1003,\"menuType\":\"F\",\"perms\":\"user:edit\"}', '{\"msg\":\"操作成功\",\"code\":200}', 0, NULL, '2020-04-21 11:30:32');
INSERT INTO `sys_oper_log` VALUES (141, '菜单管理', 2, 'com.weiframework.project.system.controller.SysMenuController.edit()', 'PUT', 1, 'admin', NULL, '/system/menu', '127.0.0.1', '内网IP', '{\"visible\":\"0\",\"icon\":\"#\",\"orderNum\":\"4\",\"menuName\":\"用户删除\",\"params\":{},\"parentId\":2009,\"path\":\"\",\"component\":\"\",\"children\":[],\"createTime\":1521171180000,\"updateBy\":\"admin\",\"isFrame\":\"1\",\"menuId\":1004,\"menuType\":\"F\",\"perms\":\"user:remove\"}', '{\"msg\":\"操作成功\",\"code\":200}', 0, NULL, '2020-04-21 11:30:39');
INSERT INTO `sys_oper_log` VALUES (142, '菜单管理', 2, 'com.weiframework.project.system.controller.SysMenuController.edit()', 'PUT', 1, 'admin', NULL, '/system/menu', '127.0.0.1', '内网IP', '{\"visible\":\"0\",\"icon\":\"#\",\"orderNum\":\"5\",\"menuName\":\"用户导出\",\"params\":{},\"parentId\":2009,\"path\":\"\",\"component\":\"\",\"children\":[],\"createTime\":1521171180000,\"updateBy\":\"admin\",\"isFrame\":\"1\",\"menuId\":1005,\"menuType\":\"F\",\"perms\":\"user:export\"}', '{\"msg\":\"操作成功\",\"code\":200}', 0, NULL, '2020-04-21 11:30:49');
INSERT INTO `sys_oper_log` VALUES (143, '菜单管理', 2, 'com.weiframework.project.system.controller.SysMenuController.edit()', 'PUT', 1, 'admin', NULL, '/system/menu', '127.0.0.1', '内网IP', '{\"visible\":\"0\",\"icon\":\"#\",\"orderNum\":\"6\",\"menuName\":\"用户导入\",\"params\":{},\"parentId\":2009,\"path\":\"\",\"component\":\"\",\"children\":[],\"createTime\":1521171180000,\"updateBy\":\"admin\",\"isFrame\":\"1\",\"menuId\":1006,\"menuType\":\"F\",\"perms\":\"user:import\"}', '{\"msg\":\"操作成功\",\"code\":200}', 0, NULL, '2020-04-21 11:30:58');
INSERT INTO `sys_oper_log` VALUES (144, '菜单管理', 2, 'com.weiframework.project.system.controller.SysMenuController.edit()', 'PUT', 1, 'admin', NULL, '/system/menu', '127.0.0.1', '内网IP', '{\"visible\":\"0\",\"icon\":\"#\",\"orderNum\":\"7\",\"menuName\":\"重置密码\",\"params\":{},\"parentId\":2009,\"path\":\"\",\"component\":\"\",\"children\":[],\"createTime\":1521171180000,\"updateBy\":\"admin\",\"isFrame\":\"1\",\"menuId\":1007,\"menuType\":\"F\",\"perms\":\"user:resetPwd\"}', '{\"msg\":\"操作成功\",\"code\":200}', 0, NULL, '2020-04-21 11:31:06');
INSERT INTO `sys_oper_log` VALUES (145, '菜单管理', 3, 'com.weiframework.project.system.controller.SysMenuController.remove()', 'DELETE', 1, 'admin', NULL, '/system/menu/100', '127.0.0.1', '内网IP', '{menuId=100}', '{\"msg\":\"菜单已分配,不允许删除\",\"code\":500}', 0, NULL, '2020-04-21 11:31:36');
INSERT INTO `sys_oper_log` VALUES (146, '角色管理', 2, 'com.weiframework.project.system.controller.SysRoleController.edit()', 'PUT', 1, 'admin', NULL, '/system/role', '127.0.0.1', '内网IP', '{\"flag\":false,\"roleId\":2,\"admin\":false,\"remark\":\"普通角色\",\"dataScope\":\"2\",\"delFlag\":\"0\",\"params\":{},\"roleSort\":\"2\",\"createTime\":1521171180000,\"updateBy\":\"admin\",\"roleKey\":\"common\",\"roleName\":\"普通角色\",\"menuIds\":[101,1008,1009,1010,1011,1012,100,103,1017,1018,1019,1020,104,1021,1022,1023,1024,1025,105,1026,1027,1028,1029,1030,106,1031,1032,1033,1034,1035,107,1036,1037,1038,1039,108,500,1040,1041,1042,501,1043,1044,1045,2,109,1046,1047,1048,110,1049,1050,1051,1052,1053,1054,111,112,2004,2009,1001,1002,1003,1004,1005,1006,1007,3,113,114,1055,1058,1056,1057,1059,1060,115,1],\"status\":\"0\"}', '{\"msg\":\"操作成功\",\"code\":200}', 0, NULL, '2020-04-21 11:33:29');
INSERT INTO `sys_oper_log` VALUES (147, '菜单管理', 3, 'com.weiframework.project.system.controller.SysMenuController.remove()', 'DELETE', 1, 'admin', NULL, '/system/menu/100', '127.0.0.1', '内网IP', '{menuId=100}', '{\"msg\":\"菜单已分配,不允许删除\",\"code\":500}', 0, NULL, '2020-04-21 11:34:23');
INSERT INTO `sys_oper_log` VALUES (148, '角色管理', 2, 'com.weiframework.project.system.controller.SysRoleController.edit()', 'PUT', 1, 'admin', NULL, '/system/role', '127.0.0.1', '内网IP', '{\"flag\":false,\"roleId\":2,\"admin\":false,\"remark\":\"普通角色\",\"dataScope\":\"2\",\"delFlag\":\"0\",\"params\":{},\"roleSort\":\"2\",\"createTime\":1521171180000,\"updateBy\":\"admin\",\"roleKey\":\"common\",\"roleName\":\"普通角色\",\"menuIds\":[101,1008,1009,1010,1011,1012,102,1013,1014,1015,1016,103,1017,1018,1019,1020,104,1021,1022,1023,1024,1025,105,1026,1027,1028,1029,1030,106,1031,1032,1033,1034,1035,107,1036,1037,1038,1039,108,500,1040,1041,1042,501,1043,1044,1045,2,109,1046,1047,1048,110,1049,1050,1051,1052,1053,1054,111,112,2004,2009,1001,1002,1003,1004,1005,1006,1007,3,113,114,1055,1058,1056,1057,1059,1060,115,1],\"status\":\"0\"}', '{\"msg\":\"操作成功\",\"code\":200}', 0, NULL, '2020-04-21 11:35:12');
INSERT INTO `sys_oper_log` VALUES (149, '菜单管理', 3, 'com.weiframework.project.system.controller.SysMenuController.remove()', 'DELETE', 1, 'admin', NULL, '/system/menu/100', '127.0.0.1', '内网IP', '{menuId=100}', '{\"msg\":\"操作成功\",\"code\":200}', 0, NULL, '2020-04-21 11:35:41');
INSERT INTO `sys_oper_log` VALUES (150, '菜单管理', 2, 'com.weiframework.project.system.controller.SysMenuController.edit()', 'PUT', 1, 'admin', NULL, '/system/menu', '127.0.0.1', '内网IP', '{\"visible\":\"0\",\"icon\":\"user\",\"orderNum\":\"2\",\"menuName\":\"用户管理\",\"params\":{},\"parentId\":0,\"path\":\"user\",\"children\":[],\"createTime\":1587436956000,\"updateBy\":\"admin\",\"isFrame\":\"1\",\"menuId\":2004,\"menuType\":\"M\",\"perms\":\"\"}', '{\"msg\":\"操作成功\",\"code\":200}', 0, NULL, '2020-04-21 11:36:16');
INSERT INTO `sys_oper_log` VALUES (151, '菜单管理', 2, 'com.weiframework.project.system.controller.SysMenuController.edit()', 'PUT', 1, 'admin', NULL, '/system/menu', '127.0.0.1', '内网IP', '{\"visible\":\"0\",\"icon\":\"peoples\",\"orderNum\":\"2\",\"menuName\":\"角色管理\",\"params\":{},\"parentId\":2010,\"path\":\"role\",\"component\":\"system/role/index\",\"children\":[],\"createTime\":1521171180000,\"updateBy\":\"admin\",\"isFrame\":\"1\",\"menuId\":101,\"menuType\":\"C\",\"perms\":\"system:role:list\"}', '{\"msg\":\"操作成功\",\"code\":200}', 0, NULL, '2020-04-21 11:37:50');
INSERT INTO `sys_oper_log` VALUES (152, '菜单管理', 2, 'com.weiframework.project.system.controller.SysMenuController.edit()', 'PUT', 1, 'admin', NULL, '/system/menu', '127.0.0.1', '内网IP', '{\"visible\":\"0\",\"icon\":\"peoples\",\"orderNum\":\"2\",\"menuName\":\"角色管理\",\"params\":{},\"parentId\":2010,\"path\":\"role\",\"component\":\"permission/role/index\",\"children\":[],\"createTime\":1521171180000,\"updateBy\":\"admin\",\"isFrame\":\"1\",\"menuId\":101,\"menuType\":\"C\",\"perms\":\"permisson:role:list\"}', '{\"msg\":\"操作成功\",\"code\":200}', 0, NULL, '2020-04-21 11:42:36');
INSERT INTO `sys_oper_log` VALUES (153, '菜单管理', 2, 'com.weiframework.project.system.controller.SysMenuController.edit()', 'PUT', 1, 'admin', NULL, '/system/menu', '127.0.0.1', '内网IP', '{\"visible\":\"0\",\"icon\":\"guide\",\"orderNum\":\"1\",\"menuName\":\"友情链接\",\"params\":{},\"parentId\":2004,\"path\":\"link\",\"component\":\"website/link/index\",\"children\":[],\"createTime\":1587437452000,\"updateBy\":\"admin\",\"isFrame\":\"1\",\"menuId\":2007,\"menuType\":\"C\",\"perms\":\"website:link:list\"}', '{\"msg\":\"操作成功\",\"code\":200}', 0, NULL, '2020-04-21 13:07:25');
INSERT INTO `sys_oper_log` VALUES (154, '菜单管理', 2, 'com.weiframework.project.system.controller.SysMenuController.edit()', 'PUT', 1, 'admin', NULL, '/system/menu', '127.0.0.1', '内网IP', '{\"visible\":\"0\",\"icon\":\"guide\",\"orderNum\":\"1\",\"menuName\":\"友情链接\",\"params\":{},\"parentId\":2006,\"path\":\"link\",\"component\":\"website/link/index\",\"children\":[],\"createTime\":1587437452000,\"updateBy\":\"admin\",\"isFrame\":\"1\",\"menuId\":2007,\"menuType\":\"C\",\"perms\":\"website:link:list\"}', '{\"msg\":\"操作成功\",\"code\":200}', 0, NULL, '2020-04-21 13:08:21');
INSERT INTO `sys_oper_log` VALUES (155, '角色管理', 2, 'com.weiframework.project.system.controller.SysRoleController.edit()', 'PUT', 1, 'admin', NULL, '/system/role', '127.0.0.1', '内网IP', '{\"flag\":false,\"roleId\":1,\"admin\":true,\"remark\":\"管理员\",\"dataScope\":\"1\",\"delFlag\":\"0\",\"params\":{},\"roleSort\":\"1\",\"createTime\":1521171180000,\"roleKey\":\"admin\",\"roleName\":\"管理员\",\"menuIds\":[2000,2001,2002,2003],\"status\":\"0\"}', 'null', 1, '不允许操作超级管理员角色', '2020-04-21 13:26:51');
INSERT INTO `sys_oper_log` VALUES (156, '角色管理', 2, 'com.weiframework.project.system.controller.SysRoleController.edit()', 'PUT', 1, 'admin', NULL, '/system/role', '127.0.0.1', '内网IP', '{\"flag\":false,\"roleId\":1,\"admin\":true,\"remark\":\"管理员\",\"dataScope\":\"1\",\"delFlag\":\"0\",\"params\":{},\"roleSort\":\"1\",\"createTime\":1521171180000,\"roleKey\":\"adminq\",\"roleName\":\"管理员\",\"menuIds\":[2000,2001,2002,2003],\"status\":\"0\"}', 'null', 1, '不允许操作超级管理员角色', '2020-04-21 13:27:13');
INSERT INTO `sys_oper_log` VALUES (157, '角色管理', 2, 'com.weiframework.project.system.controller.SysRoleController.edit()', 'PUT', 1, 'admin', NULL, '/system/role', '127.0.0.1', '内网IP', '{\"flag\":false,\"roleId\":1,\"admin\":true,\"remark\":\"管理员\",\"dataScope\":\"1\",\"delFlag\":\"0\",\"params\":{},\"roleSort\":\"1\",\"createTime\":1521171180000,\"roleKey\":\"adminq\",\"roleName\":\"管理员\",\"menuIds\":[],\"status\":\"0\"}', 'null', 1, '不允许操作超级管理员角色', '2020-04-21 13:27:19');
INSERT INTO `sys_oper_log` VALUES (158, '角色管理', 2, 'com.weiframework.project.system.controller.SysRoleController.edit()', 'PUT', 1, 'admin', NULL, '/system/role', '127.0.0.1', '内网IP', '{\"flag\":false,\"roleId\":1,\"admin\":true,\"remark\":\"管理员\",\"dataScope\":\"1\",\"delFlag\":\"0\",\"params\":{},\"roleSort\":\"1\",\"createTime\":1521171180000,\"roleKey\":\"admin\",\"roleName\":\"管理员\",\"menuIds\":[],\"status\":\"0\"}', 'null', 1, '不允许操作超级管理员角色', '2020-04-21 13:27:25');
INSERT INTO `sys_oper_log` VALUES (159, '角色管理', 2, 'com.weiframework.project.system.controller.SysRoleController.dataScope()', 'PUT', 1, 'admin', NULL, '/system/role/dataScope', '127.0.0.1', '内网IP', '{\"flag\":false,\"roleId\":1,\"admin\":true,\"remark\":\"管理员\",\"dataScope\":\"5\",\"delFlag\":\"0\",\"params\":{},\"roleSort\":\"1\",\"createTime\":1521171180000,\"roleKey\":\"admin\",\"roleName\":\"管理员\",\"deptIds\":[],\"status\":\"0\"}', 'null', 1, '不允许操作超级管理员角色', '2020-04-21 13:35:33');

-- ----------------------------
-- Table structure for sys_post
-- ----------------------------
DROP TABLE IF EXISTS `sys_post`;
CREATE TABLE `sys_post`  (
  `post_id` bigint(0) NOT NULL AUTO_INCREMENT COMMENT '岗位ID',
  `post_code` varchar(64) CHARACTER SET utf8mb4 COLLATE utf8mb4_0900_ai_ci NOT NULL COMMENT '岗位编码',
  `post_name` varchar(50) CHARACTER SET utf8mb4 COLLATE utf8mb4_0900_ai_ci NOT NULL COMMENT '岗位名称',
  `post_sort` int(0) NOT NULL COMMENT '显示顺序',
  `status` char(1) CHARACTER SET utf8mb4 COLLATE utf8mb4_0900_ai_ci NOT NULL COMMENT '状态（0正常 1停用）',
  `create_by` varchar(64) CHARACTER SET utf8mb4 COLLATE utf8mb4_0900_ai_ci NULL DEFAULT '' COMMENT '创建者',
  `create_time` datetime(0) NULL DEFAULT NULL COMMENT '创建时间',
  `update_by` varchar(64) CHARACTER SET utf8mb4 COLLATE utf8mb4_0900_ai_ci NULL DEFAULT '' COMMENT '更新者',
  `update_time` datetime(0) NULL DEFAULT NULL COMMENT '更新时间',
  `remark` varchar(500) CHARACTER SET utf8mb4 COLLATE utf8mb4_0900_ai_ci NULL DEFAULT NULL COMMENT '备注',
  PRIMARY KEY (`post_id`) USING BTREE
) ENGINE = InnoDB AUTO_INCREMENT = 4 CHARACTER SET = utf8mb4 COLLATE = utf8mb4_0900_ai_ci COMMENT = '岗位信息表' ROW_FORMAT = Dynamic;

-- ----------------------------
-- Records of sys_post
-- ----------------------------
INSERT INTO `sys_post` VALUES (1, 'ceo', '董事长', 1, '0', 'admin', '2018-03-16 11:33:00', 'ry', '2018-03-16 11:33:00', '');
INSERT INTO `sys_post` VALUES (2, 'se', '项目经理', 2, '0', 'admin', '2018-03-16 11:33:00', 'ry', '2018-03-16 11:33:00', '');
INSERT INTO `sys_post` VALUES (3, 'hr', '人力资源', 3, '0', 'admin', '2018-03-16 11:33:00', 'ry', '2018-03-16 11:33:00', '');
INSERT INTO `sys_post` VALUES (4, 'user', '普通员工', 4, '0', 'admin', '2018-03-16 11:33:00', 'ry', '2018-03-16 11:33:00', '');

-- ----------------------------
-- Table structure for sys_role
-- ----------------------------
DROP TABLE IF EXISTS `sys_role`;
CREATE TABLE `sys_role`  (
  `role_id` bigint(0) NOT NULL AUTO_INCREMENT COMMENT '角色ID',
  `role_name` varchar(30) CHARACTER SET utf8mb4 COLLATE utf8mb4_0900_ai_ci NOT NULL COMMENT '角色名称',
  `role_key` varchar(100) CHARACTER SET utf8mb4 COLLATE utf8mb4_0900_ai_ci NOT NULL COMMENT '角色权限字符串',
  `role_sort` int(0) NOT NULL COMMENT '显示顺序',
  `data_scope` char(1) CHARACTER SET utf8mb4 COLLATE utf8mb4_0900_ai_ci NULL DEFAULT '1' COMMENT '数据范围（1：全部数据权限 2：自定数据权限 3：本部门数据权限 4：本部门及以下数据权限）',
  `status` char(1) CHARACTER SET utf8mb4 COLLATE utf8mb4_0900_ai_ci NOT NULL COMMENT '角色状态（0正常 1停用）',
  `del_flag` char(1) CHARACTER SET utf8mb4 COLLATE utf8mb4_0900_ai_ci NULL DEFAULT '0' COMMENT '删除标志（0代表存在 2代表删除）',
  `create_by` varchar(64) CHARACTER SET utf8mb4 COLLATE utf8mb4_0900_ai_ci NULL DEFAULT '' COMMENT '创建者',
  `create_time` datetime(0) NULL DEFAULT NULL COMMENT '创建时间',
  `update_by` varchar(64) CHARACTER SET utf8mb4 COLLATE utf8mb4_0900_ai_ci NULL DEFAULT '' COMMENT '更新者',
  `update_time` datetime(0) NULL DEFAULT NULL COMMENT '更新时间',
  `remark` varchar(500) CHARACTER SET utf8mb4 COLLATE utf8mb4_0900_ai_ci NULL DEFAULT NULL COMMENT '备注',
  PRIMARY KEY (`role_id`) USING BTREE
) ENGINE = InnoDB AUTO_INCREMENT = 100 CHARACTER SET = utf8mb4 COLLATE = utf8mb4_0900_ai_ci COMMENT = '角色信息表' ROW_FORMAT = Dynamic;

-- ----------------------------
-- Records of sys_role
-- ----------------------------
INSERT INTO `sys_role` VALUES (1, '管理员', 'admin', 1, '1', '0', '0', 'admin', '2018-03-16 11:33:00', 'ry', '2018-03-16 11:33:00', '管理员');
INSERT INTO `sys_role` VALUES (2, '普通角色', 'common', 2, '2', '0', '0', 'admin', '2018-03-16 11:33:00', 'admin', '2020-04-21 11:35:12', '普通角色');

-- ----------------------------
-- Table structure for sys_role_dept
-- ----------------------------
DROP TABLE IF EXISTS `sys_role_dept`;
CREATE TABLE `sys_role_dept`  (
  `role_id` bigint(0) NOT NULL COMMENT '角色ID',
  `dept_id` bigint(0) NOT NULL COMMENT '部门ID',
  PRIMARY KEY (`role_id`, `dept_id`) USING BTREE
) ENGINE = InnoDB CHARACTER SET = utf8mb4 COLLATE = utf8mb4_0900_ai_ci COMMENT = '角色和部门关联表' ROW_FORMAT = Dynamic;

-- ----------------------------
-- Records of sys_role_dept
-- ----------------------------
INSERT INTO `sys_role_dept` VALUES (2, 100);
INSERT INTO `sys_role_dept` VALUES (2, 101);
INSERT INTO `sys_role_dept` VALUES (2, 105);

-- ----------------------------
-- Table structure for sys_role_menu
-- ----------------------------
DROP TABLE IF EXISTS `sys_role_menu`;
CREATE TABLE `sys_role_menu`  (
  `role_id` bigint(0) NOT NULL COMMENT '角色ID',
  `menu_id` bigint(0) NOT NULL COMMENT '菜单ID',
  PRIMARY KEY (`role_id`, `menu_id`) USING BTREE
) ENGINE = InnoDB CHARACTER SET = utf8mb4 COLLATE = utf8mb4_0900_ai_ci COMMENT = '角色和菜单关联表' ROW_FORMAT = Dynamic;

-- ----------------------------
-- Records of sys_role_menu
-- ----------------------------
INSERT INTO `sys_role_menu` VALUES (2, 1);
INSERT INTO `sys_role_menu` VALUES (2, 2);
INSERT INTO `sys_role_menu` VALUES (2, 3);
INSERT INTO `sys_role_menu` VALUES (2, 101);
INSERT INTO `sys_role_menu` VALUES (2, 102);
INSERT INTO `sys_role_menu` VALUES (2, 103);
INSERT INTO `sys_role_menu` VALUES (2, 104);
INSERT INTO `sys_role_menu` VALUES (2, 105);
INSERT INTO `sys_role_menu` VALUES (2, 106);
INSERT INTO `sys_role_menu` VALUES (2, 107);
INSERT INTO `sys_role_menu` VALUES (2, 108);
INSERT INTO `sys_role_menu` VALUES (2, 109);
INSERT INTO `sys_role_menu` VALUES (2, 110);
INSERT INTO `sys_role_menu` VALUES (2, 111);
INSERT INTO `sys_role_menu` VALUES (2, 112);
INSERT INTO `sys_role_menu` VALUES (2, 113);
INSERT INTO `sys_role_menu` VALUES (2, 114);
INSERT INTO `sys_role_menu` VALUES (2, 115);
INSERT INTO `sys_role_menu` VALUES (2, 500);
INSERT INTO `sys_role_menu` VALUES (2, 501);
INSERT INTO `sys_role_menu` VALUES (2, 1001);
INSERT INTO `sys_role_menu` VALUES (2, 1002);
INSERT INTO `sys_role_menu` VALUES (2, 1003);
INSERT INTO `sys_role_menu` VALUES (2, 1004);
INSERT INTO `sys_role_menu` VALUES (2, 1005);
INSERT INTO `sys_role_menu` VALUES (2, 1006);
INSERT INTO `sys_role_menu` VALUES (2, 1007);
INSERT INTO `sys_role_menu` VALUES (2, 1008);
INSERT INTO `sys_role_menu` VALUES (2, 1009);
INSERT INTO `sys_role_menu` VALUES (2, 1010);
INSERT INTO `sys_role_menu` VALUES (2, 1011);
INSERT INTO `sys_role_menu` VALUES (2, 1012);
INSERT INTO `sys_role_menu` VALUES (2, 1013);
INSERT INTO `sys_role_menu` VALUES (2, 1014);
INSERT INTO `sys_role_menu` VALUES (2, 1015);
INSERT INTO `sys_role_menu` VALUES (2, 1016);
INSERT INTO `sys_role_menu` VALUES (2, 1017);
INSERT INTO `sys_role_menu` VALUES (2, 1018);
INSERT INTO `sys_role_menu` VALUES (2, 1019);
INSERT INTO `sys_role_menu` VALUES (2, 1020);
INSERT INTO `sys_role_menu` VALUES (2, 1021);
INSERT INTO `sys_role_menu` VALUES (2, 1022);
INSERT INTO `sys_role_menu` VALUES (2, 1023);
INSERT INTO `sys_role_menu` VALUES (2, 1024);
INSERT INTO `sys_role_menu` VALUES (2, 1025);
INSERT INTO `sys_role_menu` VALUES (2, 1026);
INSERT INTO `sys_role_menu` VALUES (2, 1027);
INSERT INTO `sys_role_menu` VALUES (2, 1028);
INSERT INTO `sys_role_menu` VALUES (2, 1029);
INSERT INTO `sys_role_menu` VALUES (2, 1030);
INSERT INTO `sys_role_menu` VALUES (2, 1031);
INSERT INTO `sys_role_menu` VALUES (2, 1032);
INSERT INTO `sys_role_menu` VALUES (2, 1033);
INSERT INTO `sys_role_menu` VALUES (2, 1034);
INSERT INTO `sys_role_menu` VALUES (2, 1035);
INSERT INTO `sys_role_menu` VALUES (2, 1036);
INSERT INTO `sys_role_menu` VALUES (2, 1037);
INSERT INTO `sys_role_menu` VALUES (2, 1038);
INSERT INTO `sys_role_menu` VALUES (2, 1039);
INSERT INTO `sys_role_menu` VALUES (2, 1040);
INSERT INTO `sys_role_menu` VALUES (2, 1041);
INSERT INTO `sys_role_menu` VALUES (2, 1042);
INSERT INTO `sys_role_menu` VALUES (2, 1043);
INSERT INTO `sys_role_menu` VALUES (2, 1044);
INSERT INTO `sys_role_menu` VALUES (2, 1045);
INSERT INTO `sys_role_menu` VALUES (2, 1046);
INSERT INTO `sys_role_menu` VALUES (2, 1047);
INSERT INTO `sys_role_menu` VALUES (2, 1048);
INSERT INTO `sys_role_menu` VALUES (2, 1049);
INSERT INTO `sys_role_menu` VALUES (2, 1050);
INSERT INTO `sys_role_menu` VALUES (2, 1051);
INSERT INTO `sys_role_menu` VALUES (2, 1052);
INSERT INTO `sys_role_menu` VALUES (2, 1053);
INSERT INTO `sys_role_menu` VALUES (2, 1054);
INSERT INTO `sys_role_menu` VALUES (2, 1055);
INSERT INTO `sys_role_menu` VALUES (2, 1056);
INSERT INTO `sys_role_menu` VALUES (2, 1057);
INSERT INTO `sys_role_menu` VALUES (2, 1058);
INSERT INTO `sys_role_menu` VALUES (2, 1059);
INSERT INTO `sys_role_menu` VALUES (2, 1060);
INSERT INTO `sys_role_menu` VALUES (2, 2004);
INSERT INTO `sys_role_menu` VALUES (2, 2009);

-- ----------------------------
-- Table structure for sys_user
-- ----------------------------
DROP TABLE IF EXISTS `sys_user`;
CREATE TABLE `sys_user`  (
  `user_id` bigint(0) NOT NULL AUTO_INCREMENT COMMENT '用户ID',
  `dept_id` bigint(0) NULL DEFAULT NULL COMMENT '部门ID',
  `user_name` varchar(30) CHARACTER SET utf8mb4 COLLATE utf8mb4_0900_ai_ci NOT NULL COMMENT '用户账号',
  `nick_name` varchar(30) CHARACTER SET utf8mb4 COLLATE utf8mb4_0900_ai_ci NOT NULL COMMENT '用户昵称',
  `user_type` varchar(2) CHARACTER SET utf8mb4 COLLATE utf8mb4_0900_ai_ci NULL DEFAULT '00' COMMENT '用户类型（00系统用户）',
  `email` varchar(50) CHARACTER SET utf8mb4 COLLATE utf8mb4_0900_ai_ci NULL DEFAULT '' COMMENT '用户邮箱',
  `phonenumber` varchar(11) CHARACTER SET utf8mb4 COLLATE utf8mb4_0900_ai_ci NULL DEFAULT '' COMMENT '手机号码',
  `sex` char(1) CHARACTER SET utf8mb4 COLLATE utf8mb4_0900_ai_ci NULL DEFAULT '0' COMMENT '用户性别（0男 1女 2未知）',
  `avatar` varchar(100) CHARACTER SET utf8mb4 COLLATE utf8mb4_0900_ai_ci NULL DEFAULT '' COMMENT '头像地址',
  `password` varchar(100) CHARACTER SET utf8mb4 COLLATE utf8mb4_0900_ai_ci NULL DEFAULT '' COMMENT '密码',
  `status` char(1) CHARACTER SET utf8mb4 COLLATE utf8mb4_0900_ai_ci NULL DEFAULT '0' COMMENT '帐号状态（0正常 1停用）',
  `del_flag` char(1) CHARACTER SET utf8mb4 COLLATE utf8mb4_0900_ai_ci NULL DEFAULT '0' COMMENT '删除标志（0代表存在 2代表删除）',
  `login_ip` varchar(50) CHARACTER SET utf8mb4 COLLATE utf8mb4_0900_ai_ci NULL DEFAULT '' COMMENT '最后登陆IP',
  `login_date` datetime(0) NULL DEFAULT NULL COMMENT '最后登陆时间',
  `create_by` varchar(64) CHARACTER SET utf8mb4 COLLATE utf8mb4_0900_ai_ci NULL DEFAULT '' COMMENT '创建者',
  `create_time` datetime(0) NULL DEFAULT NULL COMMENT '创建时间',
  `update_by` varchar(64) CHARACTER SET utf8mb4 COLLATE utf8mb4_0900_ai_ci NULL DEFAULT '' COMMENT '更新者',
  `update_time` datetime(0) NULL DEFAULT NULL COMMENT '更新时间',
  `remark` varchar(500) CHARACTER SET utf8mb4 COLLATE utf8mb4_0900_ai_ci NULL DEFAULT NULL COMMENT '备注',
  PRIMARY KEY (`user_id`) USING BTREE
) ENGINE = InnoDB AUTO_INCREMENT = 100 CHARACTER SET = utf8mb4 COLLATE = utf8mb4_0900_ai_ci COMMENT = '用户信息表' ROW_FORMAT = Dynamic;

-- ----------------------------
-- Records of sys_user
-- ----------------------------
INSERT INTO `sys_user` VALUES (1, 103, 'admin', '一点点梵', '00', 'ry@163.com', '15888888888', '1', '', '$2a$10$7JB720yubVSZvUI0rEqK/.VqGOZTH.ulu33dHOiBE8ByOhJIrdAu2', '0', '0', '127.0.0.1', '2018-03-16 11:33:00', 'admin', '2018-03-16 11:33:00', 'ry', '2018-03-16 11:33:00', '管理员');
INSERT INTO `sys_user` VALUES (2, 105, 'shadow', 'shadow', '00', 'ry@qq.com', '15666666666', '1', '', '$2a$10$7JB720yubVSZvUI0rEqK/.VqGOZTH.ulu33dHOiBE8ByOhJIrdAu2', '0', '0', '127.0.0.1', '2018-03-16 11:33:00', 'admin', '2018-03-16 11:33:00', 'ry', '2018-03-16 11:33:00', '测试员');

-- ----------------------------
-- Table structure for sys_user_post
-- ----------------------------
DROP TABLE IF EXISTS `sys_user_post`;
CREATE TABLE `sys_user_post`  (
  `user_id` bigint(0) NOT NULL COMMENT '用户ID',
  `post_id` bigint(0) NOT NULL COMMENT '岗位ID',
  PRIMARY KEY (`user_id`, `post_id`) USING BTREE
) ENGINE = InnoDB CHARACTER SET = utf8mb4 COLLATE = utf8mb4_0900_ai_ci COMMENT = '用户与岗位关联表' ROW_FORMAT = Dynamic;

-- ----------------------------
-- Records of sys_user_post
-- ----------------------------
INSERT INTO `sys_user_post` VALUES (1, 1);
INSERT INTO `sys_user_post` VALUES (2, 2);

-- ----------------------------
-- Table structure for sys_user_role
-- ----------------------------
DROP TABLE IF EXISTS `sys_user_role`;
CREATE TABLE `sys_user_role`  (
  `user_id` bigint(0) NOT NULL COMMENT '用户ID',
  `role_id` bigint(0) NOT NULL COMMENT '角色ID',
  PRIMARY KEY (`user_id`, `role_id`) USING BTREE
) ENGINE = InnoDB CHARACTER SET = utf8mb4 COLLATE = utf8mb4_0900_ai_ci COMMENT = '用户和角色关联表' ROW_FORMAT = Dynamic;

-- ----------------------------
-- Records of sys_user_role
-- ----------------------------
INSERT INTO `sys_user_role` VALUES (1, 1);
INSERT INTO `sys_user_role` VALUES (2, 2);

SET FOREIGN_KEY_CHECKS = 1;
